name,imdb_id,byear,image,rect,height width,url,pic_description,picyear, age, kinship
Freddie_Prinze,nm0697905,1954,nm0697905_1.jpg,837 330 1002 504,1000 1518,https://images-na.ssl-images-amazon.com/images/M/MV5BMTk4ODAxMzM0N15BMl5BanBnXkFtZTgwOTk5NzU1MTE@._V1_SY1000_CR0,Jack Albertson and Freddie Prinze in Chico and the Man (1974),1974,20,parent
Freddie_Prinze,nm0697905,1954,nm0697905_2.jpg,225 78 288 143,1000 747,https://images-na.ssl-images-amazon.com/images/M/MV5BNTE5NzczNGQtNjBmOC00ZWIzLWI4YmMtM2Q1NjdjOWI3OTRjXkEyXkFqcGdeQXVyMTEwODg2MDY@._V1_SY1000_CR0,Steve Bonino  Cosie Costa  John Lansing  Freddie Prinze  and Biff Warren in The Great NBC Smilin' Saturday Mornin' Parade (1976),1976,22,parent
Freddie_Prinze,nm0697905,1954,nm0697905_5.jpg,365 325 636 641,1000 1462,https://images-na.ssl-images-amazon.com/images/M/MV5BMTc4NTM3MzMyNF5BMl5BanBnXkFtZTgwMjAwODU1MTE@._V1_SY1000_CR0,Jack Albertson and Freddie Prinze in Chico and the Man (1974),1974,20,parent
Freddie_Prinze,nm0697905,1954,nm0697905_6.jpg,206 276 308 388,1000 674,https://images-na.ssl-images-amazon.com/images/M/MV5BMTk0MDQzNjY1Nl5BMl5BanBnXkFtZTgwNDAwODU1MTE@._V1_SY1000_CR0,Jack Albertson and Freddie Prinze in Chico and the Man (1974),1974,20,parent
Freddie_Prinze,nm0697905,1954,nm0697905_7.jpg,693 370 822 515,1000 1518,https://images-na.ssl-images-amazon.com/images/M/MV5BMTk2Mjg0NjIxOF5BMl5BanBnXkFtZTgwMjk5NzU1MTE@._V1_SY1000_CR0,Scatman Crothers  Jack Albertson  and Freddie Prinze in Chico and the Man (1974),1974,20,parent
Freddie_Prinze,nm0697905,1954,nm0697905_8.jpg,373 354 608 609,1000 1006,https://images-na.ssl-images-amazon.com/images/M/MV5BMTQ5ODYzNjExN15BMl5BanBnXkFtZTgwODk5NzU1MTE@._V1_SY1000_CR0,Freddie Prinze in Chico and the Man (1974),1974,20,parent
Freddie_Prinze,nm0697905,1954,nm0697905_9.jpg,240 289 423 485,1000 658,https://images-na.ssl-images-amazon.com/images/M/MV5BMjMzODI0MzM3OF5BMl5BanBnXkFtZTgwMzk5NzU1MTE@._V1_SY1000_CR0,Freddie Prinze in Chico and the Man (1974),1974,20,parent
Freddie_Prinze,nm0697905,1954,nm0697905_10.jpg,370 182 457 296,720 560,https://images-na.ssl-images-amazon.com/images/M/MV5BMjM1MTk3NDUyOF5BMl5BanBnXkFtZTgwMTAwODU1MTE@._V1_.jpg,Jack Albertson and Freddie Prinze in Chico and the Man (1974),1974,20,parent
Freddie_Prinze,nm0697905,1954,nm0697905_11.jpg,159 244 211 326,1000 658,https://images-na.ssl-images-amazon.com/images/M/MV5BNDgxMDczMzc0OF5BMl5BanBnXkFtZTgwNTk5NzU1MTE@._V1_SY1000_CR0,Jack Albertson and Freddie Prinze in Chico and the Man (1974),1974,20,parent
Freddie_Prinze,nm0697905,1954,nm0697905_12.jpg,767 215 858 306,1000 1518,https://images-na.ssl-images-amazon.com/images/M/MV5BMjE1MjQwNDg5Nl5BMl5BanBnXkFtZTgwMDAwODU1MTE@._V1_SY1000_CR0,Scatman Crothers  Jack Albertson  and Freddie Prinze in Chico and the Man (1974),1974,20,parent
Freddie_Prinze,nm0697905,1954,nm0697905_14.jpg,55 220 118 287,500 412,https://images-na.ssl-images-amazon.com/images/M/MV5BMjAxMjMyNDYxOF5BMl5BanBnXkFtZTcwNjQ1NDAzMQ@@._V1_.jpg,Jack Albertson and Freddie Prinze in Chico and the Man (1974),1974,20,parent
Freddie_Prinze,nm0697905,1954,nm0697905_15.jpg,535 212 633 313,1000 1006,https://images-na.ssl-images-amazon.com/images/M/MV5BMjIzMTMzOTQ2OV5BMl5BanBnXkFtZTgwNTAwODU1MTE@._V1_SY1000_CR0,Jack Albertson and Freddie Prinze in Chico and the Man (1974),1974,20,parent
Freddie_Prinze,nm0697905,1954,nm0697905_16.jpg,223 392 647 930,1000 800,https://images-na.ssl-images-amazon.com/images/M/MV5BMTQ3NTUzMjE4N15BMl5BanBnXkFtZTgwMzAwODU1MTE@._V1_SY1000_SX800_AL_.jpg,Freddie Prinze in Chico and the Man (1974),1974,20,parent
Freddie_Prinze,nm0697905,1954,nm0697905_17.jpg,243 240 409 404,1000 677,https://images-na.ssl-images-amazon.com/images/M/MV5BMTYzMDIwMjY0NF5BMl5BanBnXkFtZTgwNDk5NzU1MTE@._V1_SY1000_CR0,Freddie Prinze in Chico and the Man (1974),1974,20,parent
Freddie_Prinze,nm0697905,1954,nm0697905_19.jpg,1051 289 1131 417,1000 1518,https://images-na.ssl-images-amazon.com/images/M/MV5BMTkxNTg3MzMzMV5BMl5BanBnXkFtZTgwNzk5NzU1MTE@._V1_SY1000_CR0,Jack Albertson and Freddie Prinze in Chico and the Man (1974),1974,20,parent
Freddie_Prinze_Jr.,nm4862694,1976,nm4862694_3.jpg,98 41 130 80,400 262,https://images-na.ssl-images-amazon.com/images/M/MV5BMjAzNDUzNDkwMV5BMl5BanBnXkFtZTYwNzU2MjQz._V1_.jpg,Sarah Michelle Gellar and Freddie Prinze Jr. at an event for 2000 MTV Movie Awards (2000),2000,24,child
Freddie_Prinze_Jr.,nm4862694,1976,nm4862694_4.jpg,469 155 570 267,1000 1504,https://images-na.ssl-images-amazon.com/images/M/MV5BMTY2MzI4MDIwMl5BMl5BanBnXkFtZTgwMzM2MzkyMjE@._V1_SY1000_CR0,Freddie Prinze Jr.  Steve Blum  Vanessa Marshall  Tiya Sircar  and Taylor Gray at an event for Star Wars: Rebels (2014),2014,38,child
Freddie_Prinze_Jr.,nm4862694,1976,nm4862694_8.jpg,113 55 160 107,400 262,https://images-na.ssl-images-amazon.com/images/M/MV5BMTQwMzMwNjEwMV5BMl5BanBnXkFtZTYwMzE5MDE0._V1_.jpg,Sarah Michelle Gellar and Freddie Prinze Jr. at an event for Un verano inolvidable (2001),2001,25,child
Freddie_Prinze_Jr.,nm4862694,1976,nm4862694_9.jpg,84 122 197 265,400 271,https://images-na.ssl-images-amazon.com/images/M/MV5BMTQ5NDE1ODg3M15BMl5BanBnXkFtZTYwNzE2NDI0._V1_.jpg,Freddie Prinze Jr. at an event for Todavía sé lo que hicieron el verano pasado (1998),1998,22,child
Freddie_Prinze_Jr.,nm4862694,1976,nm4862694_11.jpg,117 55 149 92,400 249,https://images-na.ssl-images-amazon.com/images/M/MV5BNzQyODU1NjYwOV5BMl5BanBnXkFtZTYwMzg2NjA2._V1_.jpg,Freddie Prinze Jr. at an event for El día final (1999),1999,23,child
Freddie_Prinze_Jr.,nm4862694,1976,nm4862694_12.jpg,103 51 152 104,400 265,https://images-na.ssl-images-amazon.com/images/M/MV5BMTY5OTM0NjQ1NV5BMl5BanBnXkFtZTYwNTUzNjk1._V1_.jpg,Freddie Prinze Jr. at an event for Freddie (2005),2005,29,child
Freddie_Prinze_Jr.,nm4862694,1976,nm4862694_13.jpg,107 70 147 103,400 248,https://images-na.ssl-images-amazon.com/images/M/MV5BMTM2OTcwNzg1Ml5BMl5BanBnXkFtZTYwMTE5MDE0._V1_.jpg,Sarah Michelle Gellar and Freddie Prinze Jr. at an event for Un verano inolvidable (2001),2001,25,child
Freddie_Prinze_Jr.,nm4862694,1976,nm4862694_14.jpg,163 57 205 103,400 288,https://images-na.ssl-images-amazon.com/images/M/MV5BMTcyOTcwMzk0MF5BMl5BanBnXkFtZTcwNDA0MTIxMw@@._V1_.jpg,Freddie Prinze Jr. and Katee Sackhoff at an event for 24 (2001),2001,25,child
Freddie_Prinze_Jr.,nm4862694,1976,nm4862694_16.jpg,66 56 118 113,289 400,https://images-na.ssl-images-amazon.com/images/M/MV5BMTk4OTkxMjgzN15BMl5BanBnXkFtZTYwODUzNjk1._V1_.jpg,Jacqueline Obradors and Freddie Prinze Jr. at an event for Freddie (2005),2005,29,child
Freddie_Prinze_Jr.,nm4862694,1976,nm4862694_18.jpg,85 35 112 66,400 267,https://images-na.ssl-images-amazon.com/images/M/MV5BMjAzMzU0ODczM15BMl5BanBnXkFtZTYwMDQ3MjY0._V1_.jpg,Sarah Michelle Gellar  Selma Blair  and Freddie Prinze Jr. at an event for 2000 MTV Movie Awards (2000),2000,24,child
Freddie_Prinze_Jr.,nm4862694,1976,nm4862694_19.jpg,90 134 233 286,400 310,https://images-na.ssl-images-amazon.com/images/M/MV5BMTM2MjI2NzI3OV5BMl5BanBnXkFtZTcwNzYzMTIxMw@@._V1_.jpg,Freddie Prinze Jr. at an event for 24 (2001),2001,25,child
Freddie_Prinze_Jr.,nm4862694,1976,nm4862694_20.jpg,76 69 164 158,400 271,https://images-na.ssl-images-amazon.com/images/M/MV5BMTY3NzIzNTg4OF5BMl5BanBnXkFtZTYwMTkzNzMz._V1_.jpg,Freddie Prinze Jr. at an event for Scooby-Doo (2002),2002,26,child
Freddie_Prinze_Jr.,nm4862694,1976,nm4862694_21.jpg,94 88 175 171,400 290,https://images-na.ssl-images-amazon.com/images/M/MV5BMTc4Mjc0NTI4N15BMl5BanBnXkFtZTYwNzM2MTk0._V1_.jpg,Freddie Prinze Jr. at an event for Shakespeare apasionado (1998),1998,22,child
Freddie_Prinze_Jr.,nm4862694,1976,nm4862694_23.jpg,120 74 162 116,400 261,https://images-na.ssl-images-amazon.com/images/M/MV5BMTkwMTMwNjYyNV5BMl5BanBnXkFtZTYwODA5MDE0._V1_.jpg,Sarah Michelle Gellar and Freddie Prinze Jr. at an event for Un verano inolvidable (2001),2001,25,child
Freddie_Prinze_Jr.,nm4862694,1976,nm4862694_27.jpg,322 35 358 72,272 400,https://images-na.ssl-images-amazon.com/images/M/MV5BMTQyMDcyODkwOV5BMl5BanBnXkFtZTcwNzA0MTIxMw@@._V1_.jpg,Kiefer Sutherland  Freddie Prinze Jr.  Chris Diamantopoulos  Mary Lynn Rajskub  Katee Sackhoff  and Annie Wersching at an event for 24 (2001),2001,25,child
Freddie_Prinze_Jr.,nm4862694,1976,nm4862694_28.jpg,119 42 149 78,400 262,https://images-na.ssl-images-amazon.com/images/M/MV5BMjEzMzcxODk0MV5BMl5BanBnXkFtZTYwMTQ2MTk0._V1_.jpg,Freddie Prinze Jr. at an event for Shakespeare apasionado (1998),1998,22,child
Freddie_Prinze_Jr.,nm4862694,1976,nm4862694_32.jpg,109 76 163 137,400 264,https://images-na.ssl-images-amazon.com/images/M/MV5BMTY2NjQ2MjIzN15BMl5BanBnXkFtZTYwNTg2NjA2._V1_.jpg,Freddie Prinze Jr. at an event for El día final (1999),1999,23,child
Freddie_Prinze_Jr.,nm4862694,1976,nm4862694_38.jpg,140 104 263 234,365 400,https://images-na.ssl-images-amazon.com/images/M/MV5BMTI4NzU3MDg0OV5BMl5BanBnXkFtZTcwNjYzMTIxMw@@._V1_.jpg,Freddie Prinze Jr. at an event for 24 (2001),2001,25,child
Freddie_Prinze_Jr.,nm4862694,1976,nm4862694_39.jpg,274 42 316 90,267 400,https://images-na.ssl-images-amazon.com/images/M/MV5BMTczODM3NDkxNl5BMl5BanBnXkFtZTYwNDIzNjk1._V1_.jpg,Freddie Prinze Jr. and Bruce Helford at an event for Freddie (2005),2005,29,child
Freddie_Prinze_Jr.,nm4862694,1976,nm4862694_40.jpg,87 130 240 286,400 323,https://images-na.ssl-images-amazon.com/images/M/MV5BNDA4MzYwNTM4OV5BMl5BanBnXkFtZTcwODYzMTIxMw@@._V1_.jpg,Freddie Prinze Jr. at an event for 24 (2001),2001,25,child
Freddie_Prinze_Jr.,nm4862694,1976,nm4862694_41.jpg,113 65 168 125,400 265,https://images-na.ssl-images-amazon.com/images/M/MV5BMTc1NzMwNTI1NF5BMl5BanBnXkFtZTcwMzA0MTIxMw@@._V1_.jpg,Freddie Prinze Jr. at an event for 24 (2001),2001,25,child
Freddie_Prinze_Jr.,nm4862694,1976,nm4862694_42.jpg,228 280 524 600,1000 731,https://images-na.ssl-images-amazon.com/images/M/MV5BNzc1MTY0Mzg1OF5BMl5BanBnXkFtZTgwOTI2MzkyMjE@._V1_SY1000_CR0,Freddie Prinze Jr. at an event for Star Wars: Rebels (2014),2014,38,child
Freddie_Prinze_Jr.,nm4862694,1976,nm4862694_43.jpg,79 67 111 102,400 268,https://images-na.ssl-images-amazon.com/images/M/MV5BMTg1MDUxMjYyM15BMl5BanBnXkFtZTYwMjQ3MjY0._V1_.jpg,Sarah Michelle Gellar and Freddie Prinze Jr. at an event for 2000 MTV Movie Awards (2000),2000,24,child
Freddie_Prinze_Jr.,nm4862694,1976,nm4862694_44.jpg,110 48 145 89,400 249,https://images-na.ssl-images-amazon.com/images/M/MV5BMTM2NDU5MzgxNF5BMl5BanBnXkFtZTYwOTg4MzI0._V1_.jpg,Freddie Prinze Jr. at an event for The House of Yes (1997),1997,21,child
Freddie_Prinze_Jr.,nm4862694,1976,nm4862694_45.jpg,128 57 156 89,400 267,https://images-na.ssl-images-amazon.com/images/M/MV5BMTY1NTIzNjk4MV5BMl5BanBnXkFtZTYwOTM2MTk0._V1_.jpg,Kimberly McCullough and Freddie Prinze Jr. at an event for Shakespeare apasionado (1998),1998,22,child
Freddie_Prinze_Jr.,nm4862694,1976,nm4862694_48.jpg,95 60 134 108,400 269,https://images-na.ssl-images-amazon.com/images/M/MV5BMTk5Mzg4OTgzNV5BMl5BanBnXkFtZTYwMzU2MjQz._V1_.jpg,Sarah Michelle Gellar and Freddie Prinze Jr. at an event for 2000 MTV Movie Awards (2000),2000,24,child
Freddie_Prinze_Jr.,nm4862694,1976,nm4862694_50.jpg,100 60 130 94,400 275,https://images-na.ssl-images-amazon.com/images/M/MV5BNTA5MDA1NTcyN15BMl5BanBnXkFtZTYwNjEyNTg1._V1_.jpg,Freddie Prinze Jr. at an event for Estudio 54 (1998),1998,22,child
Freddie_Prinze_Jr.,nm4862694,1976,nm4862694_53.jpg,100 57 152 108,400 263,https://images-na.ssl-images-amazon.com/images/M/MV5BMTIzMzc5NjA0NV5BMl5BanBnXkFtZTYwNjE5MDE0._V1_.jpg,Sarah Michelle Gellar and Freddie Prinze Jr. at an event for Un verano inolvidable (2001),2001,25,child
Freddie_Prinze_Jr.,nm4862694,1976,nm4862694_54.jpg,105 58 143 106,400 265,https://images-na.ssl-images-amazon.com/images/M/MV5BMjEwNzY2NDE4MF5BMl5BanBnXkFtZTYwNTk1MjQz._V1_.jpg,Sarah Michelle Gellar and Freddie Prinze Jr. at an event for 2000 MTV Movie Awards (2000),2000,24,child
Freddie_Prinze_Jr.,nm4862694,1976,nm4862694_57.jpg,98 75 145 134,400 265,https://images-na.ssl-images-amazon.com/images/M/MV5BMTkzNjE5MTk0OF5BMl5BanBnXkFtZTYwOTE2NDI0._V1_.jpg,Freddie Prinze Jr. at an event for Todavía sé lo que hicieron el verano pasado (1998),1998,22,child
Freddie_Prinze_Jr.,nm4862694,1976,nm4862694_59.jpg,60 144 215 309,400 266,https://images-na.ssl-images-amazon.com/images/M/MV5BMTE5MTE2NTM3M15BMl5BanBnXkFtZTYwMjI5MDE0._V1_.jpg,Freddie Prinze Jr. at an event for Un verano inolvidable (2001),2001,25,child
Freddie_Prinze_Jr.,nm4862694,1976,nm4862694_60.jpg,83 95 192 208,400 291,https://images-na.ssl-images-amazon.com/images/M/MV5BMTU5NTI4MjYwOF5BMl5BanBnXkFtZTYwNTkzNzMz._V1_.jpg,Freddie Prinze Jr. at an event for Scooby-Doo (2002),2002,26,child
Freddie_Prinze_Jr.,nm4862694,1976,nm4862694_61.jpg,80 47 130 98,400 235,https://images-na.ssl-images-amazon.com/images/M/MV5BNzYzNDM0MjgzNV5BMl5BanBnXkFtZTYwMzkzNzMz._V1_.jpg,Freddie Prinze Jr. at an event for Scooby-Doo (2002),2002,26,child
Freddie_Prinze_Jr.,nm4862694,1976,nm4862694_63.jpg,319 36 351 71,279 400,https://images-na.ssl-images-amazon.com/images/M/MV5BMjA0MTM4Njc4NF5BMl5BanBnXkFtZTcwNTA0MTIxMw@@._V1_.jpg,Kiefer Sutherland  Freddie Prinze Jr.  Chris Diamantopoulos  Mary Lynn Rajskub  Katee Sackhoff  and Annie Wersching at an event for 24 (2001),2001,25,child
Freddie_Prinze_Jr.,nm4862694,1976,nm4862694_66.jpg,99 54 131 91,400 265,https://images-na.ssl-images-amazon.com/images/M/MV5BMTk2MTgzNzY3MF5BMl5BanBnXkFtZTYwNTU2MjQz._V1_.jpg,Sarah Michelle Gellar and Freddie Prinze Jr. at an event for 2000 MTV Movie Awards (2000),2000,24,child
Freddie_Prinze_Jr.,nm4862694,1976,nm4862694_67.jpg,97 119 226 261,450 300,https://images-na.ssl-images-amazon.com/images/M/MV5BMTQzODkzODExOV5BMl5BanBnXkFtZTcwODg1NTUzMQ@@._V1_.jpg,Freddie Prinze Jr. in Freddie (2005),2005,29,child
Freddie_Prinze_Jr.,nm4862694,1976,nm4862694_68.jpg,58 150 208 314,400 270,https://images-na.ssl-images-amazon.com/images/M/MV5BMTk5MjUxMTYyMl5BMl5BanBnXkFtZTYwMDI5MDE0._V1_.jpg,Freddie Prinze Jr. at an event for Un verano inolvidable (2001),2001,25,child
Freddie_Prinze_Jr.,nm4862694,1976,nm4862694_70.jpg,122 84 149 128,400 297,https://images-na.ssl-images-amazon.com/images/M/MV5BMTUzNjUzODIwN15BMl5BanBnXkFtZTYwNDA3ODQ1._V1_.jpg,Sarah Michelle Gellar  Selma Blair  and Freddie Prinze Jr. at an event for 2000 MTV Movie Awards (2000),2000,24,child
Freddie_Prinze_Jr.,nm4862694,1976,nm4862694_72.jpg,55 65 79 93,400 289,https://images-na.ssl-images-amazon.com/images/M/MV5BMTQyMDA2MTc2OF5BMl5BanBnXkFtZTYwNTY5NTk0._V1_.jpg,Matthew Lillard  Linda Cardellini  and Freddie Prinze Jr. at an event for Scooby-Doo (2002),2002,26,child
