name,imdb_id,byear,image,rect,height width,url,pic_description,picyear, age, kinship
Dom_DeLuise,nm0001123,1933,nm0001123_3.jpg,492 217 710 462,688 1280,https://images-na.ssl-images-amazon.com/images/M/MV5BM2ZlNDgxYjMtYjY5Yy00OGIyLWE0OWQtYmVmOGUzNjg5MzUyXkEyXkFqcGdeQXVyMTI3MDk3MzQ@._V1_.jpg,Dom DeLuise in The Twelve Chairs (1970),1970,37,parent
Dom_DeLuise,nm0001123,1933,nm0001123_6.jpg,584 377 655 463,1000 1231,https://images-na.ssl-images-amazon.com/images/M/MV5BMjE0NDYzMDY4MF5BMl5BanBnXkFtZTgwMTA5MzU3MTE@._V1_SY1000_CR0,Dom DeLuise in The Twelve Chairs (1970),1970,37,parent
Dom_DeLuise,nm0001123,1933,nm0001123_11.jpg,902 189 1015 309,688 1280,https://images-na.ssl-images-amazon.com/images/M/MV5BZjI3MjdhNTItYzJmMi00ODExLWFlZmItZjA5ZjQ0MjViZDU0XkEyXkFqcGdeQXVyMTI3MDk3MzQ@._V1_.jpg,Dom DeLuise and Ron Moody in The Twelve Chairs (1970),1970,37,parent
David_DeLuise,nm0217936,1971,nm0217936_1.jpg,142 52 170 85,427 640,https://images-na.ssl-images-amazon.com/images/M/MV5BMTY1NzU3ODI0M15BMl5BanBnXkFtZTcwNjY2ODkxNw@@._V1_.jpg,Maria Canals-Barrera  David DeLuise  Bridgit Mendler  and Gregg Sulkin in Wizards of Waverly Place (2007),2007,36,child
David_DeLuise,nm0217936,1971,nm0217936_3.jpg,232 113 312 213,375 500,https://images-na.ssl-images-amazon.com/images/M/MV5BNzM5NjU2OTc3Ml5BMl5BanBnXkFtZTgwNDkxNDEzMjE@._V1_.jpg,David DeLuise and Jake T. Austin in Wizards of Waverly Place (2007),2007,36,child
David_DeLuise,nm0217936,1971,nm0217936_4.jpg,189 59 240 123,427 640,https://images-na.ssl-images-amazon.com/images/M/MV5BNDgxODYzOTMyMF5BMl5BanBnXkFtZTcwMzE0OTk3Mg@@._V1_.jpg,Maria Canals-Barrera and David DeLuise in Los hechiceros de Waverly Place: La película (2009),2009,38,child
David_DeLuise,nm0217936,1971,nm0217936_5.jpg,262 82 304 130,640 480,https://images-na.ssl-images-amazon.com/images/M/MV5BMjE2OTQ0OTg0N15BMl5BanBnXkFtZTcwMTI1NzE2NA@@._V1_.jpg,David DeLuise in Wizards of Waverly Place (2007),2007,36,child
David_DeLuise,nm0217936,1971,nm0217936_6.jpg,142 53 171 85,427 640,https://images-na.ssl-images-amazon.com/images/M/MV5BMTYzMjU5MTIzOV5BMl5BanBnXkFtZTcwODkwOTEyNw@@._V1_.jpg,Maria Canals-Barrera  David DeLuise  Bridgit Mendler  and Gregg Sulkin in Wizards of Waverly Place (2007),2007,36,child
David_DeLuise,nm0217936,1971,nm0217936_7.jpg,140 93 163 121,427 640,https://images-na.ssl-images-amazon.com/images/M/MV5BMTY1MjE4Nzk0OF5BMl5BanBnXkFtZTcwNDU1NzE2NA@@._V1_.jpg,Maria Canals-Barrera  David DeLuise  and Bailee Madison in Wizards of Waverly Place (2007),2007,36,child
David_DeLuise,nm0217936,1971,nm0217936_8.jpg,576 46 628 102,783 900,https://images-na.ssl-images-amazon.com/images/M/MV5BMTI3MzIxNjQzMV5BMl5BanBnXkFtZTcwODQ1MDY3Mg@@._V1_.jpg,Maria Canals-Barrera  David DeLuise  Jennifer Stone  David Henrie  Selena Gomez  and Jake T. Austin in Wizards of Waverly Place (2007),2007,36,child
David_DeLuise,nm0217936,1971,nm0217936_9.jpg,159 101 234 176,480 720,https://images-na.ssl-images-amazon.com/images/M/MV5BMmJhMTg4MTItNWUwYy00N2E0LWI4NTktZmM3N2ViOTljYWJhXkEyXkFqcGdeQXVyMTEzNzczMA@@._V1_.jpg,David DeLuise and Chris Hogan in 3rd Rock from the Sun (1996),1996,25,child
David_DeLuise,nm0217936,1971,nm0217936_10.jpg,205 47 218 63,375 500,https://images-na.ssl-images-amazon.com/images/M/MV5BMTczNDU2MDM3NF5BMl5BanBnXkFtZTgwMzA5MDIzMjE@._V1_.jpg,Maria Canals-Barrera  David DeLuise  Jake T. Austin  and Shane Harper in Wizards of Waverly Place (2007),2007,36,child
David_DeLuise,nm0217936,1971,nm0217936_11.jpg,193 96 240 159,375 500,https://images-na.ssl-images-amazon.com/images/M/MV5BMTg5NjEwMzUzMl5BMl5BanBnXkFtZTgwMzAyNDEzMjE@._V1_.jpg,David DeLuise and Selena Gomez in Wizards of Waverly Place (2007),2007,36,child
David_DeLuise,nm0217936,1971,nm0217936_12.jpg,283 68 329 145,375 500,https://images-na.ssl-images-amazon.com/images/M/MV5BMjA1MzkyMDIyMV5BMl5BanBnXkFtZTgwODE0MDIzMjE@._V1_.jpg,David DeLuise in Wizards of Waverly Place (2007),2007,36,child
David_DeLuise,nm0217936,1971,nm0217936_13.jpg,320 71 344 97,375 500,https://images-na.ssl-images-amazon.com/images/M/MV5BMTY1Mjk4NTc1M15BMl5BanBnXkFtZTgwMzgxNzEzMjE@._V1_.jpg,Maria Canals-Barrera  David DeLuise  Selena Gomez  and Jake T. Austin in Wizards of Waverly Place (2007),2007,36,child
David_DeLuise,nm0217936,1971,nm0217936_14.jpg,341 267 532 461,1000 695,https://images-na.ssl-images-amazon.com/images/M/MV5BMTk1NTM4ODAxMF5BMl5BanBnXkFtZTgwMTA5MDU4OTE@._V1_SY1000_CR0,David DeLuise in Pup Star (2016),2016,45,child
David_DeLuise,nm0217936,1971,nm0217936_17.jpg,79 133 234 304,400 314,https://images-na.ssl-images-amazon.com/images/M/MV5BMTIzNTExNzgxN15BMl5BanBnXkFtZTcwNDg0MTQ5MQ@@._V1_.jpg,David DeLuise at an event for La nueva cenicienta 2 (2008),2008,37,child
David_DeLuise,nm0217936,1971,nm0217936_18.jpg,270 799 312 848,1000 675,https://images-na.ssl-images-amazon.com/images/M/MV5BMTkzOTg5NTgyMl5BMl5BanBnXkFtZTgwMTA0MjQwNTE@._V1_SY1000_CR0,Vivica A. Fox  Dina Meyer  Eric Roberts  David DeLuise  John Rhys-Davies  Aedin Mincks  and Christian Koza in Golden Shoes (2015),2015,44,child
David_DeLuise,nm0217936,1971,nm0217936_19.jpg,99 76 160 150,375 500,https://images-na.ssl-images-amazon.com/images/M/MV5BMzQ5ODY4NTQ2OV5BMl5BanBnXkFtZTgwMDg4MjEzMjE@._V1_.jpg,Maria Canals-Barrera and David DeLuise in Wizards of Waverly Place (2007),2007,36,child
David_DeLuise,nm0217936,1971,nm0217936_20.jpg,192 95 262 173,464 640,https://images-na.ssl-images-amazon.com/images/M/MV5BMzIxNDUxODE3NF5BMl5BanBnXkFtZTcwODE0OTk3Mg@@._V1_.jpg,Maria Canals-Barrera and David DeLuise in Los hechiceros de Waverly Place: La película (2009),2009,38,child
David_DeLuise,nm0217936,1971,nm0217936_21.jpg,511 76 532 128,426 640,https://images-na.ssl-images-amazon.com/images/M/MV5BMjE5MzE4NTEzMl5BMl5BanBnXkFtZTcwNDY2ODkxNw@@._V1_.jpg,David DeLuise  Selena Gomez  and Jake T. Austin in Wizards of Waverly Place (2007),2007,36,child
David_DeLuise,nm0217936,1971,nm0217936_22.jpg,78 102 96 130,427 640,https://images-na.ssl-images-amazon.com/images/M/MV5BMTg2MTI0MDcwNV5BMl5BanBnXkFtZTcwMzAxOTEyNw@@._V1_.jpg,Maria Canals-Barrera  David DeLuise  Jennifer Stone  Daniel Benson  Bridgit Mendler  and Gregg Sulkin in Wizards of Waverly Place (2007),2007,36,child
David_DeLuise,nm0217936,1971,nm0217936_23.jpg,107 71 145 111,427 640,https://images-na.ssl-images-amazon.com/images/M/MV5BMTkzNjQxMjk1Ml5BMl5BanBnXkFtZTcwMjM1NzE2NA@@._V1_.jpg,Maria Canals-Barrera and David DeLuise in Wizards of Waverly Place (2007),2007,36,child
David_DeLuise,nm0217936,1971,nm0217936_25.jpg,82 50 100 78,426 640,https://images-na.ssl-images-amazon.com/images/M/MV5BMTY5ODA5MzM5OF5BMl5BanBnXkFtZTcwMTU1NzE2NA@@._V1_.jpg,Maria Canals-Barrera  David DeLuise  Selena Gomez  Jake T. Austin  and Gregg Sulkin in Wizards of Waverly Place (2007),2007,36,child
David_DeLuise,nm0217936,1971,nm0217936_26.jpg,293 74 335 126,427 640,https://images-na.ssl-images-amazon.com/images/M/MV5BMTkwMDk1MDc4MV5BMl5BanBnXkFtZTcwNTI1NzE2NA@@._V1_.jpg,Maria Canals-Barrera  Bill Chott  David DeLuise  and Bailee Madison in Wizards of Waverly Place (2007),2007,36,child
David_DeLuise,nm0217936,1971,nm0217936_27.jpg,286 159 319 203,392 640,https://images-na.ssl-images-amazon.com/images/M/MV5BMTkzMzIyNjAyOV5BMl5BanBnXkFtZTcwNjA0OTk3Mg@@._V1_.jpg,David DeLuise in Los hechiceros de Waverly Place: La película (2009),2009,38,child
David_DeLuise,nm0217936,1971,nm0217936_28.jpg,373 63 406 99,375 500,https://images-na.ssl-images-amazon.com/images/M/MV5BMTg5MzQ2MjI5Ml5BMl5BanBnXkFtZTgwNjM1MDIzMjE@._V1_.jpg,Maria Canals-Barrera  David DeLuise  and Bailee Madison in Wizards of Waverly Place (2007),2007,36,child
David_DeLuise,nm0217936,1971,nm0217936_30.jpg,146 90 184 151,300 450,https://images-na.ssl-images-amazon.com/images/M/MV5BMjE1ODcwOTExOF5BMl5BanBnXkFtZTcwMDE3MDEzMQ@@._V1_.jpg,David DeLuise  Christopher Masterson  and Richard Riehle in Intellectual Property (2006),2006,35,child
