name,imdb_id,byear,image,rect,height width,url,pic_description,picyear, age, kinship
Alfred_Hitchcock,nm0000033,1899,nm0000033_26.jpg,37 319 79 367,500 336,https://images-na.ssl-images-amazon.com/images/M/MV5BMTk2NDYwMDE4OF5BMl5BanBnXkFtZTgwNTIzNTQ1MjE@._V1_.jpg,Alfred Hitchcock  Peter Lorre  and Madeleine Carroll in Agente secreto (1936),1936,37,parent
Patricia_Hitchcock,nm1187247,1928,nm1187247_1.jpg,128 120 209 216,375 500,https://images-na.ssl-images-amazon.com/images/M/MV5BMTA5MDQ4MjU3MzNeQTJeQWpwZ15BbWU4MDExNzI1NjIx._V1_.jpg,Patricia Hitchcock and Jack Mullaney in Alfred Hitchcock presenta (1955),1955,27,child
Patricia_Hitchcock,nm1187247,1928,nm1187247_2.jpg,226 473 289 555,1000 727,https://images-na.ssl-images-amazon.com/images/M/MV5BNWQ4NjhmNDAtMzk5Ni00MWE5LTllMTMtY2FiYTJiNjAyMjVjXkEyXkFqcGdeQXVyMDMxMjQwMw@@._V1_SY1000_CR0,Alfred Hitchcock  Anthony Perkins  Janet Leigh  and Patricia Hitchcock in Psicosis (1960),1960,32,child
Patricia_Hitchcock,nm1187247,1928,nm1187247_3.jpg,71 143 138 215,450 310,https://images-na.ssl-images-amazon.com/images/M/MV5BMzc2NzQ3MjY0MF5BMl5BanBnXkFtZTYwMjg5NjM2._V1_.jpg,Alfred Hitchcock Hour  Patricia Hitchcock and Alfred Hitchcock. 1962/CBS.,1962,34,child
Patricia_Hitchcock,nm1187247,1928,nm1187247_6.jpg,66 67 104 104,420 339,https://images-na.ssl-images-amazon.com/images/M/MV5BMTI0NTAwNDQzNV5BMl5BanBnXkFtZTYwNzA0NTQ2._V1_.jpg,Vertigo Alfred Hitchcock and daughter Patricia 1958 Paramount,1958,30,child
Patricia_Hitchcock,nm1187247,1928,nm1187247_7.jpg,114 54 154 97,450 362,https://images-na.ssl-images-amazon.com/images/M/MV5BMjAwMDM4NDYyMl5BMl5BanBnXkFtZTYwMDA5NjM2._V1_.jpg,"Alfred Hitchcock andhis daughter Patricia on the set of ""Strangers On A Train "" 1951.",1951,23,child
