name,imdb_id,byear,image,rect,height width,url,pic_description,picyear, age, kinship
Jack_Fisk,nm0279926,1945,nm0279926_1.jpg,192 144 224 184,450 304,https://images-na.ssl-images-amazon.com/images/M/MV5BMTMxNzI0NTQ2N15BMl5BanBnXkFtZTYwMjEwNTU2._V1_.jpg,Academy Awards: 49th Annual  Sissy Sapcek. 1977.,1977,32,parent
Jack_Fisk,nm0279926,1945,nm0279926_2.jpg,566 398 691 540,1000 1000,https://images-na.ssl-images-amazon.com/images/M/MV5BMTkxMDIzOTY1Ml5BMl5BanBnXkFtZTgwOTY4MTg2MjE@._V1_SY1000_SX1000_AL_.jpg,Jack Fisk in Eraserhead (1977),1977,32,parent
Jack_Fisk,nm0279926,1945,nm0279926_10.jpg,140 124 188 185,450 300,https://images-na.ssl-images-amazon.com/images/M/MV5BMTg2MTc0OTUxM15BMl5BanBnXkFtZTYwMTAwNTU2._V1_.jpg,Academy Awards: 49th Annual  Sissy Spacek. 1977.,1977,32,parent
Schuyler_Fisk,nm0004922,1982,nm0004922_1.jpg,469 209 600 356,1000 1534,https://images-na.ssl-images-amazon.com/images/M/MV5BNTMwODYyNzQ3MF5BMl5BanBnXkFtZTcwOTIzODgwMw@@._V1_SY1000_CR0,Schuyler Fisk and Colin Hanks in Mala racha (2002),2002,20,child
Schuyler_Fisk,nm0004922,1982,nm0004922_2.jpg,109 85 153 134,345 475,https://images-na.ssl-images-amazon.com/images/M/MV5BMjA2MDM5NzI0N15BMl5BanBnXkFtZTYwMjY2MzQ3._V1_.jpg,Schuyler Fisk and Colin Hanks in Mala racha (2002),2002,20,child
Schuyler_Fisk,nm0004922,1982,nm0004922_5.jpg,260 94 288 128,355 475,https://images-na.ssl-images-amazon.com/images/M/MV5BMTU1MzEyMDA4NV5BMl5BanBnXkFtZTYwNTY2MzQ3._V1_.jpg,Schuyler Fisk  Colin Hanks  and Jack Black in Mala racha (2002),2002,20,child
Schuyler_Fisk,nm0004922,1982,nm0004922_6.jpg,1039 234 1208 461,997 1777,https://images-na.ssl-images-amazon.com/images/M/MV5BOTMxZTk5ZWUtN2RhNS00YzU4LTg5MzYtNDUxZWIwM2JhMzdmXkEyXkFqcGdeQXVyNjUxMjc1OTM@._V1_SX1777_CR0,Schuyler Fisk and Andres Londono in Fear the Walking Dead (2015),2015,33,child
Schuyler_Fisk,nm0004922,1982,nm0004922_9.jpg,1256 402 1364 524,997 1777,https://images-na.ssl-images-amazon.com/images/M/MV5BZDQ5M2NkMWEtODg2My00ZGE5LTg0MDktZjc3MmY4YmY2MDkwXkEyXkFqcGdeQXVyNjUxMjc1OTM@._V1_SX1777_CR0,Schuyler Fisk and David Grant Wright in Fear the Walking Dead (2015),2015,33,child
Schuyler_Fisk,nm0004922,1982,nm0004922_14.jpg,426 78 444 101,311 475,https://images-na.ssl-images-amazon.com/images/M/MV5BMTg0ODAzODMyOV5BMl5BanBnXkFtZTYwOTU2MzQ3._V1_.jpg,Catherine O'Hara  Schuyler Fisk  Colin Hanks  Garry Marshall  and Dana Ivey in Mala racha (2002),2002,20,child
Schuyler_Fisk,nm0004922,1982,nm0004922_15.jpg,62 44 113 98,400 294,https://images-na.ssl-images-amazon.com/images/M/MV5BMjAwMDY0Mjc2MF5BMl5BanBnXkFtZTcwMTI4MTUwMg@@._V1_.jpg,Sissy Spacek and Schuyler Fisk at an event for Navidad sin los suegros (2008),2008,26,child
Schuyler_Fisk,nm0004922,1982,nm0004922_16.jpg,206 82 237 117,387 450,https://images-na.ssl-images-amazon.com/images/M/MV5BMTAxNjQ1NTcyNzZeQTJeQWpwZ15BbWU2MDQ3NjM0Nw@@._V1_.jpg,Schuyler Fisk  Colin Hanks  and Jake Kasdan in Mala racha (2002),2002,20,child
Schuyler_Fisk,nm0004922,1982,nm0004922_17.jpg,218 217 489 518,1000 720,https://images-na.ssl-images-amazon.com/images/M/MV5BMjA0NTYwNjc4NV5BMl5BanBnXkFtZTcwMjY5MTcwOQ@@._V1_SY1000_CR0,Schuyler Fisk at an event for Un lugar donde refugiarse (2013),2013,31,child
Schuyler_Fisk,nm0004922,1982,nm0004922_18.jpg,262 228 518 532,1000 705,https://images-na.ssl-images-amazon.com/images/M/MV5BMTUwNzM3MjM2OV5BMl5BanBnXkFtZTcwOTM0NzYyNg@@._V1_SY1000_CR0,Schuyler Fisk at an event for Historias cruzadas (2011),2011,29,child
Schuyler_Fisk,nm0004922,1982,nm0004922_20.jpg,219 78 349 226,386 475,https://images-na.ssl-images-amazon.com/images/M/MV5BMTkxMTYwMDY1NF5BMl5BanBnXkFtZTYwMjU2MzQ3._V1_.jpg,Schuyler Fisk in Mala racha (2002),2002,20,child
Schuyler_Fisk,nm0004922,1982,nm0004922_21.jpg,85 88 185 196,400 275,https://images-na.ssl-images-amazon.com/images/M/MV5BMjEyMDY4Mzg5MF5BMl5BanBnXkFtZTYwMDgwMjY1._V1_.jpg,Schuyler Fisk at an event for Un beso más (2006),2006,24,child
Schuyler_Fisk,nm0004922,1982,nm0004922_24.jpg,1526 245 1591 322,1000 1767,https://images-na.ssl-images-amazon.com/images/M/MV5BMTcwOTIxMTc2MF5BMl5BanBnXkFtZTcwODgzODgwMw@@._V1_SY1000_CR0,Catherine O'Hara  Schuyler Fisk  Colin Hanks  Garry Marshall  and Dana Ivey in Mala racha (2002),2002,20,child
Schuyler_Fisk,nm0004922,1982,nm0004922_25.jpg,623 232 915 512,997 1777,https://images-na.ssl-images-amazon.com/images/M/MV5BOTAwZGVjNzktNjgwNS00MWI1LTlhMWItYTJhZDgxMGIwMDgwXkEyXkFqcGdeQXVyNjUxMjc1OTM@._V1_SX1777_CR0,Schuyler Fisk in Fear the Walking Dead (2015),2015,33,child
Schuyler_Fisk,nm0004922,1982,nm0004922_28.jpg,894 274 972 370,1000 1652,https://images-na.ssl-images-amazon.com/images/M/MV5BMTk5Njg3Mjc3N15BMl5BanBnXkFtZTcwODAzODgwMw@@._V1_SY1000_CR0,Schuyler Fisk  Colin Hanks  and Jack Black in Mala racha (2002),2002,20,child
Schuyler_Fisk,nm0004922,1982,nm0004922_29.jpg,352 274 574 577,997 1777,https://images-na.ssl-images-amazon.com/images/M/MV5BYzMwNWM2ODAtOTg3Mi00ODlhLThkMjUtZjZhNDUzODBhNDczXkEyXkFqcGdeQXVyNjUxMjc1OTM@._V1_SX1777_CR0,Schuyler Fisk and Andres Londono in Fear the Walking Dead (2015),2015,33,child
Schuyler_Fisk,nm0004922,1982,nm0004922_30.jpg,683 358 846 537,1000 1560,https://images-na.ssl-images-amazon.com/images/M/MV5BMzM2Mzg0MTc0M15BMl5BanBnXkFtZTcwNzcyODgwMw@@._V1_SY1000_CR0,Harold Ramis  Schuyler Fisk  and Colin Hanks in Mala racha (2002),2002,20,child
Schuyler_Fisk,nm0004922,1982,nm0004922_32.jpg,62 109 206 262,400 271,https://images-na.ssl-images-amazon.com/images/M/MV5BNjE4NDU5MTgzMF5BMl5BanBnXkFtZTcwMzI4MTUwMg@@._V1_.jpg,Schuyler Fisk at an event for Navidad sin los suegros (2008),2008,26,child
Schuyler_Fisk,nm0004922,1982,nm0004922_37.jpg,245 96 283 144,329 475,https://images-na.ssl-images-amazon.com/images/M/MV5BMTI2MzM1Mzg2NV5BMl5BanBnXkFtZTYwMDY2MzQ3._V1_.jpg,Harold Ramis  Schuyler Fisk  and Colin Hanks in Mala racha (2002),2002,20,child
Schuyler_Fisk,nm0004922,1982,nm0004922_38.jpg,246 213 488 479,999 1392,https://images-na.ssl-images-amazon.com/images/M/MV5BMjE2OTc3MzIyNl5BMl5BanBnXkFtZTcwMTQ0NzYyNg@@._V1_SX1392_CR0,Sissy Spacek and Schuyler Fisk at an event for Historias cruzadas (2011),2011,29,child
Schuyler_Fisk,nm0004922,1982,nm0004922_40.jpg,58 106 203 267,400 281,https://images-na.ssl-images-amazon.com/images/M/MV5BMTY0ODk2Nzk4Nl5BMl5BanBnXkFtZTcwMjI4MTUwMg@@._V1_.jpg,Schuyler Fisk at an event for Navidad sin los suegros (2008),2008,26,child
