name,imdb_id,byear,image,rect,height width,url,pic_description,picyear, age, kinship
Ann_Sothern,nm0815433,1909,nm0815433_1.jpg,494 152 565 239,905 774,https://images-na.ssl-images-amazon.com/images/M/MV5BNGMwYWFkZGQtYTJkYi00OGYxLTliNmEtNTNmNmVhY2I2MzUzXkEyXkFqcGdeQXVyMDMxMjQwMw@@._V1_.jpg,Norman Z. McLeod and Ann Sothern in Panama Hattie (1942),1942,33,parent
Ann_Sothern,nm0815433,1909,nm0815433_2.jpg,514 254 571 315,1000 789,https://images-na.ssl-images-amazon.com/images/M/MV5BMjAxNzU4NDIxMl5BMl5BanBnXkFtZTcwMDczMTMyNw@@._V1_SY1000_CR0,Eleanor Powell  John Carroll  and Ann Sothern in Lady Be Good (1941),1941,32,parent
Ann_Sothern,nm0815433,1909,nm0815433_3.jpg,150 142 187 197,571 713,https://images-na.ssl-images-amazon.com/images/M/MV5BYjMxODQwODItNTliOC00YzE5LTkzNzgtNTg5NTNiYmU2NDg3XkEyXkFqcGdeQXVyMTk2MzI2Ng@@._V1_.jpg,Marta Linden  Jean Rogers  and Ann Sothern in Sabotaje romántico (1943),1943,34,parent
Ann_Sothern,nm0815433,1909,nm0815433_4.jpg,59 170 93 207,1000 190,https://images-na.ssl-images-amazon.com/images/M/MV5BMDE0YTdjODYtZWY4Ny00MWM4LTk2ZTgtYjE4MTNiN2Y4MjZiXkEyXkFqcGdeQXVyMDMxMjQwMw@@._V1_SY1000_CR0,Ben Blue  Rags Ragland  Red Skelton  and Ann Sothern in Panama Hattie (1942),1942,33,parent
Ann_Sothern,nm0815433,1909,nm0815433_5.jpg,506 96 569 171,1000 1321,https://images-na.ssl-images-amazon.com/images/M/MV5BYzk5ZjRjMDEtNjIwNC00NGNiLTk0YWMtNzI5ZTYwMjRiOTkxXkEyXkFqcGdeQXVyMDMxMjQwMw@@._V1_SY1000_CR0,Helen Broderick  Billy Gilbert  Victor Moore  Harry Parke  Gene Raymond  and Ann Sothern in She's Got Everything (1937),1937,28,parent
Ann_Sothern,nm0815433,1909,nm0815433_6.jpg,212 263 278 330,972 380,https://images-na.ssl-images-amazon.com/images/M/MV5BMTk3Y2Y3YTYtYTMwOS00OTY2LWEwZGMtNzUzNWEwZGY3ZWNkXkEyXkFqcGdeQXVyMDMxMjQwMw@@._V1_.jpg,Red Skelton and Ann Sothern in Panama Hattie (1942),1942,33,parent
Ann_Sothern,nm0815433,1909,nm0815433_7.jpg,214 165 227 178,500 330,https://images-na.ssl-images-amazon.com/images/M/MV5BMjA4NTI4NjMzNV5BMl5BanBnXkFtZTgwNzY5MjE3MjE@._V1_.jpg,Ben Blue  Rags Ragland  Red Skelton  and Ann Sothern in Panama Hattie (1942),1942,33,parent
Ann_Sothern,nm0815433,1909,nm0815433_8.jpg,228 512 397 699,858 1256,https://images-na.ssl-images-amazon.com/images/M/MV5BNjYwOTc4NDAtMjlmOS00NzVlLWI1NWQtYzU3NTU1NmMyYWQ0XkEyXkFqcGdeQXVyMDMxMjQwMw@@._V1_.jpg,Gene Raymond and Ann Sothern at an event for She's Got Everything (1937),1937,28,parent
Ann_Sothern,nm0815433,1909,nm0815433_9.jpg,74 336 169 440,873 357,https://images-na.ssl-images-amazon.com/images/M/MV5BMjZmMTZmNjUtMzJhNi00ZTVlLWFjNWQtYjU1ZWVhYjMzNGNhXkEyXkFqcGdeQXVyMDMxMjQwMw@@._V1_.jpg,Melvyn Douglas and Ann Sothern in Three Hearts for Julia (1943),1943,34,parent
Ann_Sothern,nm0815433,1909,nm0815433_10.jpg,236 239 375 394,1000 1197,https://images-na.ssl-images-amazon.com/images/M/MV5BZGRkMzA5ZDgtYmQxNS00NDQwLWI1YmEtMTQzY2EyN2NjMDI1XkEyXkFqcGdeQXVyMzAwOTU1MTk@._V1_SY1000_CR0,Melvyn Douglas and Ann Sothern in Three Hearts for Julia (1943),1943,34,parent
Ann_Sothern,nm0815433,1909,nm0815433_11.jpg,254 397 317 470,1000 727,https://images-na.ssl-images-amazon.com/images/M/MV5BN2E0ZGE5NGUtNTcwYi00ZGRjLTgyZGItZGZkNjhhZTk2NWE3XkEyXkFqcGdeQXVyMDMxMjQwMw@@._V1_SY1000_CR0,Edward Everett Horton  Mary Boland  Jack Haley  and Ann Sothern in Danger - Love at Work (1937),1937,28,parent
Ann_Sothern,nm0815433,1909,nm0815433_13.jpg,265 175 471 408,1000 714,https://images-na.ssl-images-amazon.com/images/M/MV5BMzI0ZmFkZTktMDc1Yy00NWVmLThhNDUtN2Y5ZWVhY2QyZTY0XkEyXkFqcGdeQXVyMDI2NDg0NQ@@._V1_SY1000_CR0,Ann Sothern in Brother Orchid (1940),1940,31,parent
Ann_Sothern,nm0815433,1909,nm0815433_14.jpg,288 131 316 163,579 700,https://images-na.ssl-images-amazon.com/images/M/MV5BYzlhYzQzZTMtMjUyMi00YWRhLThlNjAtMmVkZDVmYjhlY2JkXkEyXkFqcGdeQXVyMDUyOTUyNQ@@._V1_.jpg,Jack Carson  Robert Ellis  and Ann Sothern in April Showers (1948),1948,39,parent
Ann_Sothern,nm0815433,1909,nm0815433_15.jpg,254 276 690 737,877 797,https://images-na.ssl-images-amazon.com/images/M/MV5BY2Q4MWNmYTItNzcwZC00NmVlLTg5ZDktNjA4ZmUxZjQ2MDc5XkEyXkFqcGdeQXVyMDMxMjQwMw@@._V1_.jpg,Ann Sothern in Gold Rush Maisie (1940),1940,31,parent
Ann_Sothern,nm0815433,1909,nm0815433_16.jpg,305 134 359 206,718 916,https://images-na.ssl-images-amazon.com/images/M/MV5BYzM0MWIzZWUtZmNlMi00Y2VjLTg5OTUtNDEyZGUxM2UxOTc5XkEyXkFqcGdeQXVyMTk2MzI2Ng@@._V1_.jpg,Kay Medford  Jean Rogers  and Ann Sothern in Sabotaje romántico (1943),1943,34,parent
Ann_Sothern,nm0815433,1909,nm0815433_17.jpg,866 403 980 529,1000 1281,https://images-na.ssl-images-amazon.com/images/M/MV5BMTY3NDgyMTcwNV5BMl5BanBnXkFtZTcwMzYzMTMyNw@@._V1_SY1000_CR0,Eleanor Powell  John Carroll  and Ann Sothern in Lady Be Good (1941),1941,32,parent
Ann_Sothern,nm0815433,1909,nm0815433_18.jpg,734 221 851 352,800 1422,https://images-na.ssl-images-amazon.com/images/M/MV5BYWZlMjQxZmYtM2E3Ni00ZjAyLTljMjAtZDA5OTdiMTRkYTg4XkEyXkFqcGdeQXVyMTk2MzI2Ng@@._V1_.jpg,Jack Carson and Ann Sothern in April Showers (1948),1948,39,parent
Ann_Sothern,nm0815433,1909,nm0815433_19.jpg,180 151 238 241,480 640,https://images-na.ssl-images-amazon.com/images/M/MV5BNzU3ZTEyMGYtNWJhYi00OGJhLWFkYmQtMDIyNGM4MGRiYTZlXkEyXkFqcGdeQXVyMTk2MzI2Ng@@._V1_.jpg,Tom Drake and Ann Sothern in Maisie Goes to Reno (1944),1944,35,parent
Ann_Sothern,nm0815433,1909,nm0815433_20.jpg,129 196 263 377,500 354,https://images-na.ssl-images-amazon.com/images/M/MV5BMTY3NzExMzI3OF5BMl5BanBnXkFtZTgwMzE0ODgwMzE@._V1_.jpg,Ann Sothern in Blind Date (1934),1934,25,parent
Ann_Sothern,nm0815433,1909,nm0815433_21.jpg,680 211 850 395,1000 1288,https://images-na.ssl-images-amazon.com/images/M/MV5BMzVkZmM5Y2EtMjcwZC00NjhhLThiMjUtMmU5ZmM3MmVlNjRiXkEyXkFqcGdeQXVyMDI2NDg0NQ@@._V1_SY1000_CR0,Robert Young and Ann Sothern in Lady Be Good (1941),1941,32,parent
Ann_Sothern,nm0815433,1909,nm0815433_22.jpg,213 143 318 287,633 777,https://images-na.ssl-images-amazon.com/images/M/MV5BYTE3ODJlMTQtMjJlZC00MzdjLWI1MmQtZTYwMDRkZjBmZjgyXkEyXkFqcGdeQXVyMTk2MzI2Ng@@._V1_.jpg,George Murphy and Ann Sothern in Up Goes Maisie (1946),1946,37,parent
Ann_Sothern,nm0815433,1909,nm0815433_23.jpg,116 286 220 400,960 363,https://images-na.ssl-images-amazon.com/images/M/MV5BN2RlZDIwYjYtODkxOS00N2U4LTlkOWEtZThiNDU1MDcwOTVhXkEyXkFqcGdeQXVyMDUyOTUyNQ@@._V1_.jpg,Lucille Ball  Gene Raymond  and Ann Sothern in Hooray for Love (1935),1935,26,parent
Ann_Sothern,nm0815433,1909,nm0815433_24.jpg,242 198 328 306,723 916,https://images-na.ssl-images-amazon.com/images/M/MV5BYTYyMTllNWUtNGJjMi00NWU5LTg2NWQtNTIzNWMwODliZGY3XkEyXkFqcGdeQXVyMTk2MzI2Ng@@._V1_.jpg,Frederick Brady and Ann Sothern in Sabotaje romántico (1943),1943,34,parent
Ann_Sothern,nm0815433,1909,nm0815433_25.jpg,87 121 137 195,398 488,https://images-na.ssl-images-amazon.com/images/M/MV5BMWVkM2ZlZDEtNjAxNi00ZDMyLWFhMTItN2JiYWRkMjJmNGRkXkEyXkFqcGdeQXVyMzk3NTUwOQ@@._V1_.jpg,Robert Young and Ann Sothern in Maisie (1939),1939,30,parent
Ann_Sothern,nm0815433,1909,nm0815433_26.jpg,248 94 266 116,353 500,https://images-na.ssl-images-amazon.com/images/M/MV5BZTBiOWVhOGMtNmNjNi00MGUyLWJhMWEtYTM3OGFlM2RiYjU4XkEyXkFqcGdeQXVyMjUxODE0MDY@._V1_.jpg,Edward G. Robinson  Ralph Bellamy  and Ann Sothern in Brother Orchid (1940),1940,31,parent
Ann_Sothern,nm0815433,1909,nm0815433_28.jpg,135 212 179 270,588 736,https://images-na.ssl-images-amazon.com/images/M/MV5BNTlhNWIzMjEtNGFhNi00ZGJiLWExN2EtM2ZhMGEzYmRjMDMzXkEyXkFqcGdeQXVyMTk2MzI2Ng@@._V1_.jpg,Hillary Brooke  George Murphy  and Ann Sothern in Up Goes Maisie (1946),1946,37,parent
Ann_Sothern,nm0815433,1909,nm0815433_29.jpg,551 124 819 395,1000 878,https://images-na.ssl-images-amazon.com/images/M/MV5BMDU0OTRiNjYtZmM4Ny00Y2JhLWE1YWYtMzk5MmRkZWRhOWY5XkEyXkFqcGdeQXVyMDMxMjQwMw@@._V1_SY1000_CR0,Florence Bates  Alexander Knox  Ann Sothern  and George Tobias in The Judge Steps Out (1948),1948,39,parent
Ann_Sothern,nm0815433,1909,nm0815433_30.jpg,312 197 532 413,589 750,https://images-na.ssl-images-amazon.com/images/M/MV5BYzI4OTdlZjUtYjY4Yy00Yjk4LThhMzMtN2EzYTYwMTJhMmQ5XkEyXkFqcGdeQXVyMTcyODY2NDQ@._V1_.jpg,Ann Sothern in Eight Bells (1935),1935,26,parent
Ann_Sothern,nm0815433,1909,nm0815433_31.jpg,120 186 254 326,488 366,https://images-na.ssl-images-amazon.com/images/M/MV5BMzAzZmExNGUtMTRkNS00MjU2LWI5NDktYmM3MjlmYzczNzE1XkEyXkFqcGdeQXVyMTk2MzI2Ng@@._V1_.jpg,Ann Sothern in Maisie Was a Lady (1941),1941,32,parent
Ann_Sothern,nm0815433,1909,nm0815433_32.jpg,595 220 724 369,1000 1225,https://images-na.ssl-images-amazon.com/images/M/MV5BMTYwMzQ3MTc5Ml5BMl5BanBnXkFtZTgwMjY2NzQ3MTE@._V1_SY1000_CR0,Linda Darnell  Jeanne Crain  and Ann Sothern in Carta a tres esposas (1949),1949,40,parent
Ann_Sothern,nm0815433,1909,nm0815433_33.jpg,73 83 99 118,1000 257,https://images-na.ssl-images-amazon.com/images/M/MV5BNzAyYWJiYWYtOTNjOS00ZDkyLTg2OGUtNjgwMmE5ZTliOGZiXkEyXkFqcGdeQXVyMDMxMjQwMw@@._V1_SY1000_CR0,Ben Blue  Rags Ragland  Red Skelton  and Ann Sothern in Panama Hattie (1942),1942,33,parent
Ann_Sothern,nm0815433,1909,nm0815433_34.jpg,369 193 419 245,551 717,https://images-na.ssl-images-amazon.com/images/M/MV5BOGI1NDBjNjEtN2QwZS00MGE1LTkzZTItODk2MDEzYjBiZDRhXkEyXkFqcGdeQXVyMTk2MzI2Ng@@._V1_.jpg,James Craig  Jean Rogers  and Ann Sothern in Sabotaje romántico (1943),1943,34,parent
Ann_Sothern,nm0815433,1909,nm0815433_35.jpg,338 498 398 562,1000 471,https://images-na.ssl-images-amazon.com/images/M/MV5BZmQ4ZmJhYjEtN2RhYy00ZjNjLWEzMzUtN2U5NzRmNGFjNDBiXkEyXkFqcGdeQXVyMDMxMjQwMw@@._V1_SY1000_CR0,Melvyn Douglas  Richard Ainley  Lee Bowman  and Ann Sothern in Three Hearts for Julia (1943),1943,34,parent
Ann_Sothern,nm0815433,1909,nm0815433_36.jpg,136 241 216 326,500 350,https://images-na.ssl-images-amazon.com/images/M/MV5BMjIxMTEyNjIzN15BMl5BanBnXkFtZTgwODMxODgwMzE@._V1_.jpg,Gene Raymond and Ann Sothern in Hooray for Love (1935),1935,26,parent
Ann_Sothern,nm0815433,1909,nm0815433_38.jpg,202 113 248 165,640 506,https://images-na.ssl-images-amazon.com/images/M/MV5BN2E5ZDIxZjgtM2EzYS00MGU1LTg4ZDItODM2ZjY3Y2QzYTA5XkEyXkFqcGdeQXVyMTk2MzI2Ng@@._V1_.jpg,Ann Sothern in Dulcy (1940),1940,31,parent
Ann_Sothern,nm0815433,1909,nm0815433_39.jpg,279 150 346 223,1000 751,https://images-na.ssl-images-amazon.com/images/M/MV5BOGNkYmQ3OGEtZDRlMC00YTVjLTkyMTItMWVmNDU1OTI4M2UyXkEyXkFqcGdeQXVyMDMxMjQwMw@@._V1_SY1000_CR0,Ben Blue  Rags Ragland  Red Skelton  and Ann Sothern in Panama Hattie (1942),1942,33,parent
Ann_Sothern,nm0815433,1909,nm0815433_40.jpg,134 240 216 325,500 350,https://images-na.ssl-images-amazon.com/images/M/MV5BMjMyNzQ5NTAzMl5BMl5BanBnXkFtZTgwNTU4Njk1MDE@._V1_.jpg,Gene Raymond and Ann Sothern in Hooray for Love (1935),1935,26,parent
Ann_Sothern,nm0815433,1909,nm0815433_41.jpg,350 87 370 113,383 486,https://images-na.ssl-images-amazon.com/images/M/MV5BYTQxMjdhODItMzcwMi00NmJmLTkzYTgtZmE4MDhkNDk5NzM1L2ltYWdlXkEyXkFqcGdeQXVyMTk2MzI2Ng@@._V1_.jpg,Frank Faylen  Ann Sothern  and Duke York in Maisie Gets Her Man (1942),1942,33,parent
Ann_Sothern,nm0815433,1909,nm0815433_42.jpg,111 307 258 458,732 743,https://images-na.ssl-images-amazon.com/images/M/MV5BNDZmZWRjMDYtMTE1MS00Zjg2LThiN2QtMWIzN2E1ODJkN2MwXkEyXkFqcGdeQXVyMDMxMjQwMw@@._V1_.jpg,Dan Dailey and Ann Sothern in Panama Hattie (1942),1942,33,parent
Ann_Sothern,nm0815433,1909,nm0815433_43.jpg,145 284 256 412,1000 540,https://images-na.ssl-images-amazon.com/images/M/MV5BYTc2MWRmMTYtNDRkZi00YzQ1LWE5NDYtNzg0NTZmZjZlN2U0XkEyXkFqcGdeQXVyMDMxMjQwMw@@._V1_SY1000_CR0,Lee Bowman and Ann Sothern in Gold Rush Maisie (1940),1940,31,parent
Ann_Sothern,nm0815433,1909,nm0815433_44.jpg,184 91 310 234,1000 412,https://images-na.ssl-images-amazon.com/images/M/MV5BYjZjYWY1ZjEtNmFkOC00ZjQ1LWI5M2QtMzNlNzg3NjM0YzU1XkEyXkFqcGdeQXVyMDMxMjQwMw@@._V1_SY1000_CR0,Ann Sothern in She's Got Everything (1937),1937,28,parent
Ann_Sothern,nm0815433,1909,nm0815433_45.jpg,453 146 496 206,480 640,https://images-na.ssl-images-amazon.com/images/M/MV5BMjI4ZTFjZjktMTQ5Ni00MzEyLThjYjgtMmI1YzNmMTMzNjg2XkEyXkFqcGdeQXVyMTk2MzI2Ng@@._V1_.jpg,C. Aubrey Smith and Ann Sothern in Maisie Was a Lady (1941),1941,32,parent
Ann_Sothern,nm0815433,1909,nm0815433_46.jpg,152 679 210 744,1000 442,https://images-na.ssl-images-amazon.com/images/M/MV5BMGVhMzQ3ZGMtMjQzMy00NWQ0LWJjOTctYzQ0OTQ4NTdkMTU5XkEyXkFqcGdeQXVyMTk2MzI2Ng@@._V1_SY1000_CR0,Robert Young  Eleanor Powell  John Carroll  Red Skelton  and Ann Sothern in Lady Be Good (1941),1941,32,parent
Ann_Sothern,nm0815433,1909,nm0815433_47.jpg,205 138 317 267,575 370,https://images-na.ssl-images-amazon.com/images/M/MV5BMGI1MDQ1N2EtM2NhMC00NGY3LTkzZTYtM2I4ODFhMDFmMTQ4XkEyXkFqcGdeQXVyMDMxMjQwMw@@._V1_.jpg,Dan Dailey and Ann Sothern in Panama Hattie (1942),1942,33,parent
Ann_Sothern,nm0815433,1909,nm0815433_48.jpg,152 137 184 180,500 333,https://images-na.ssl-images-amazon.com/images/M/MV5BMTgxOTIwMTQ1N15BMl5BanBnXkFtZTgwNzA4ODgwMzE@._V1_.jpg,Ralph Bellamy  Sidney Blackmer  and Ann Sothern in Trade Winds (1938),1938,29,parent
Ann_Sothern,nm0815433,1909,nm0815433_50.jpg,411 86 540 241,795 776,https://images-na.ssl-images-amazon.com/images/M/MV5BODE5YWI3ZjktMGIxNi00M2QyLTlhZDktMGRhYzQ5OTE4MzlkXkEyXkFqcGdeQXVyMDMxMjQwMw@@._V1_.jpg,Jackie Horner and Ann Sothern in Panama Hattie (1942),1942,33,parent
Ann_Sothern,nm0815433,1909,nm0815433_51.jpg,217 97 274 171,380 678,https://images-na.ssl-images-amazon.com/images/M/MV5BYmE4NzJlOWEtODAyYS00MWRlLWI0MzktMTRmZmZiYzg3MjgyXkEyXkFqcGdeQXVyMTk2MzI2Ng@@._V1_.jpg,George Murphy and Ann Sothern in Up Goes Maisie (1946),1946,37,parent
Ann_Sothern,nm0815433,1909,nm0815433_52.jpg,255 305 464 531,1000 876,https://images-na.ssl-images-amazon.com/images/M/MV5BNTMzODAyZDctZDNlMC00ZDhlLWI3NDItOTIwOGJlYTEwZWFlXkEyXkFqcGdeQXVyMDMxMjQwMw@@._V1_SY1000_CR0,Melvyn Douglas and Ann Sothern in Three Hearts for Julia (1943),1943,34,parent
Ann_Sothern,nm0815433,1909,nm0815433_53.jpg,128 237 184 302,696 528,https://images-na.ssl-images-amazon.com/images/M/MV5BMjE0ZjViNjEtMjFmYi00ZjVjLTgyMWQtODJkYTE3Yzc5ZTFlXkEyXkFqcGdeQXVyMzk3NTUwOQ@@._V1_.jpg,Jean Rogers and Ann Sothern in Sabotaje romántico (1943),1943,34,parent
Ann_Sothern,nm0815433,1909,nm0815433_54.jpg,292 134 399 272,800 1422,https://images-na.ssl-images-amazon.com/images/M/MV5BODQ2OWI0OWQtYjI2MC00ZmIzLThjNGItZmRiODlmMWE2Njc2XkEyXkFqcGdeQXVyMTk2MzI2Ng@@._V1_.jpg,Lew Ayres and Ann Sothern in Maisie Was a Lady (1941),1941,32,parent
Ann_Sothern,nm0815433,1909,nm0815433_55.jpg,456 216 566 335,590 720,https://images-na.ssl-images-amazon.com/images/M/MV5BMzdkMzJhZjItNmI5NS00ZGJlLWE3NDktY2U5ZmY4NmEwMjE1XkEyXkFqcGdeQXVyMTk2MzI2Ng@@._V1_.jpg,Burgess Meredith and Ann Sothern in There Goes the Groom (1937),1937,28,parent
Ann_Sothern,nm0815433,1909,nm0815433_59.jpg,579 309 609 349,1000 1185,https://images-na.ssl-images-amazon.com/images/M/MV5BMGU5ODQyZjMtMWY3Ni00ODI1LTg3YTMtZWU3NGVhOWM2MmJhXkEyXkFqcGdeQXVyMzAwOTU1MTk@._V1_SY1000_CR0,Miriam Jordan  Edmund Lowe  and Ann Sothern in Let's Fall in Love (1933),1933,24,parent
Ann_Sothern,nm0815433,1909,nm0815433_60.jpg,248 142 386 300,1000 652,https://images-na.ssl-images-amazon.com/images/M/MV5BNWJlOTViYTEtOGUzYS00YzY1LWFiMmEtZGFiOTIwZDFkMjI4XkEyXkFqcGdeQXVyMDMxMjQwMw@@._V1_SY1000_CR0,Ann Sothern in Panama Hattie (1942),1942,33,parent
Ann_Sothern,nm0815433,1909,nm0815433_61.jpg,94 174 289 393,771 384,https://images-na.ssl-images-amazon.com/images/M/MV5BYWJmODIxYTAtNDc4Yy00NDUwLWJhYmMtNDg4ZTJjOTE1NjExXkEyXkFqcGdeQXVyMDMxMjQwMw@@._V1_.jpg,Ann Sothern in Panama Hattie (1942),1942,33,parent
Ann_Sothern,nm0815433,1909,nm0815433_62.jpg,121 80 210 187,306 1167,https://images-na.ssl-images-amazon.com/images/M/MV5BZjJiZGJmZGMtZjAzMS00MTFlLTkxNTYtODZkMDY0MTZkZWQ0XkEyXkFqcGdeQXVyMDMxMjQwMw@@._V1_.jpg,Red Skelton and Ann Sothern in Panama Hattie (1942),1942,33,parent
Ann_Sothern,nm0815433,1909,nm0815433_63.jpg,370 153 459 261,1000 1233,https://images-na.ssl-images-amazon.com/images/M/MV5BMTcwNDQ2NDk4M15BMl5BanBnXkFtZTgwMzY2NzQ3MTE@._V1_SY1000_CR0,Jeanne Crain and Ann Sothern in Carta a tres esposas (1949),1949,40,parent
Ann_Sothern,nm0815433,1909,nm0815433_64.jpg,476 255 664 437,1000 1273,https://images-na.ssl-images-amazon.com/images/M/MV5BMjg2YTI3MGYtMTA1Yy00YWE0LWI2ZjgtOWNkYThjOWNiNTE3L2ltYWdlL2ltYWdlXkEyXkFqcGdeQXVyMDI2NDg0NQ@@._V1_SY1000_CR0,Robert Young and Ann Sothern in Maisie (1939),1939,30,parent
Ann_Sothern,nm0815433,1909,nm0815433_65.jpg,235 202 343 318,738 615,https://images-na.ssl-images-amazon.com/images/M/MV5BZjgyZGY3ZDEtMmRlMS00MzU2LTg2Y2EtNjM5MTZjYWY5NmZiXkEyXkFqcGdeQXVyMTk2MzI2Ng@@._V1_.jpg,Ann Sothern in Sabotaje romántico (1943),1943,34,parent
Ann_Sothern,nm0815433,1909,nm0815433_66.jpg,277 79 302 107,378 504,https://images-na.ssl-images-amazon.com/images/M/MV5BMWNlYWJjMjktZjc1Zi00YzFlLWFkMTYtYzg1NTQ1Mzg5YzIxXkEyXkFqcGdeQXVyMTk2MzI2Ng@@._V1_.jpg,Jack Carson  Robert Ellis  and Ann Sothern in April Showers (1948),1948,39,parent
Ann_Sothern,nm0815433,1909,nm0815433_68.jpg,498 155 550 219,597 802,https://images-na.ssl-images-amazon.com/images/M/MV5BMzU2ZTJlMTItODcxNi00MmYxLTkxNjktMTRhMGI1MTA4ODM5XkEyXkFqcGdeQXVyMTk2MzI2Ng@@._V1_.jpg,Mark Daniels  Barry Nelson  and Ann Sothern in Undercover Maisie (1947),1947,38,parent
Tisha_Sterling,nm0827594,1944,nm0827594_1.jpg,1064 332 1120 400,1000 1271,https://images-na.ssl-images-amazon.com/images/M/MV5BMTczMzA3MjIyN15BMl5BanBnXkFtZTgwNDEyNjIwMjE@._V1_SY1000_CR0,Clint Eastwood  Tisha Sterling  and Don Stroud in Coogan's Bluff (1968),1968,24,child
Tisha_Sterling,nm0827594,1944,nm0827594_2.jpg,525 277 653 429,1000 811,https://images-na.ssl-images-amazon.com/images/M/MV5BNzc4MzY0ODkxMF5BMl5BanBnXkFtZTgwOTAyNjIwMjE@._V1_SY1000_CR0,Tisha Sterling and Don Stroud in Coogan's Bluff (1968),1968,24,child
