name,imdb_id,byear,image,rect,height width,url,pic_description,picyear, age, kinship
Patrick_Duffy,nm0001155,1949,nm0001155_1.jpg,83 105 135 174,375 500,https://images-na.ssl-images-amazon.com/images/M/MV5BMTgyMzY2MTE0NV5BMl5BanBnXkFtZTgwMjk2ODEyMjE@._V1_.jpg,Victoria Principal and Patrick Duffy in Dallas (1978),1978,29,parent
Patrick_Duffy,nm0001155,1949,nm0001155_2.jpg,154 81 185 119,375 500,https://images-na.ssl-images-amazon.com/images/M/MV5BMjE3NjA5NTY4N15BMl5BanBnXkFtZTgwMjc0ODEyMjE@._V1_.jpg,Patrick Duffy and Larry Hagman in Dallas (1978),1978,29,parent
Patrick_Duffy,nm0001155,1949,nm0001155_4.jpg,197 86 267 158,375 500,https://images-na.ssl-images-amazon.com/images/M/MV5BMTQ3MTQ0ODcxMV5BMl5BanBnXkFtZTgwNzkzMjIyMjE@._V1_.jpg,Patrick Duffy in Dallas (1978),1978,29,parent
Patrick_Duffy,nm0001155,1949,nm0001155_5.jpg,313 279 472 430,1000 1232,https://images-na.ssl-images-amazon.com/images/M/MV5BMTk2Mjk5MjM1NF5BMl5BanBnXkFtZTgwOTI3NDA1MDI@._V1_SY1000_CR0,Victoria Principal and Patrick Duffy in Dallas (1978),1978,29,parent
Patrick_Duffy,nm0001155,1949,nm0001155_6.jpg,191 84 230 126,375 500,https://images-na.ssl-images-amazon.com/images/M/MV5BMjcwMTQ5OTM4Ml5BMl5BanBnXkFtZTgwNTc4ODEyMjE@._V1_.jpg,Patrick Duffy in Dallas (1978),1978,29,parent
Patrick_Duffy,nm0001155,1949,nm0001155_7.jpg,144 158 270 299,375 500,https://images-na.ssl-images-amazon.com/images/M/MV5BOTQyNTk1NTU1MV5BMl5BanBnXkFtZTgwNDQ4ODEyMjE@._V1_.jpg,Patrick Duffy in Dallas (1978),1978,29,parent
Patrick_Duffy,nm0001155,1949,nm0001155_8.jpg,285 110 355 181,375 500,https://images-na.ssl-images-amazon.com/images/M/MV5BMTYwMjA2MTA5MF5BMl5BanBnXkFtZTgwNTc3ODEyMjE@._V1_.jpg,Patrick Duffy in Dallas (1978),1978,29,parent
Patrick_Duffy,nm0001155,1949,nm0001155_9.jpg,634 261 781 453,1000 1232,https://images-na.ssl-images-amazon.com/images/M/MV5BMjQ2OTkyMDY5Ml5BMl5BanBnXkFtZTgwMDQ3NDA1MDI@._V1_SY1000_CR0,Patrick Duffy in Dallas (1978),1978,29,parent
Patrick_Duffy,nm0001155,1949,nm0001155_10.jpg,155 63 168 88,375 500,https://images-na.ssl-images-amazon.com/images/M/MV5BMTU2MjA2MzQxM15BMl5BanBnXkFtZTgwNDI4ODEyMjE@._V1_.jpg,Lois Chiles and Patrick Duffy in Dallas (1978),1978,29,parent
Patrick_Duffy,nm0001155,1949,nm0001155_12.jpg,199 134 357 284,375 500,https://images-na.ssl-images-amazon.com/images/M/MV5BMzU4NTk4OTEwOF5BMl5BanBnXkFtZTgwOTc3ODEyMjE@._V1_.jpg,Patrick Duffy in Dallas (1978),1978,29,parent
Patrick_Duffy,nm0001155,1949,nm0001155_13.jpg,228 69 267 126,375 500,https://images-na.ssl-images-amazon.com/images/M/MV5BMTgyMTQzMTAxNV5BMl5BanBnXkFtZTgwMDc3ODEyMjE@._V1_.jpg,Patrick Duffy in Dallas (1978),1978,29,parent
Patrick_Duffy,nm0001155,1949,nm0001155_14.jpg,246 112 327 192,375 500,https://images-na.ssl-images-amazon.com/images/M/MV5BMjA2MTA0MjcwNl5BMl5BanBnXkFtZTgwMDk0ODEyMjE@._V1_.jpg,Patrick Duffy in Dallas (1978),1978,29,parent
Patrick_Duffy,nm0001155,1949,nm0001155_15.jpg,963 331 1032 437,1000 1427,https://images-na.ssl-images-amazon.com/images/M/MV5BMTQ1NTgxNjc3Ml5BMl5BanBnXkFtZTgwOTM4MjQzNDE@._V1_SY1000_CR0,Patrick Duffy and Larry Hagman in Dallas (1978),1978,29,parent
Patrick_Duffy,nm0001155,1949,nm0001155_16.jpg,75 54 123 105,375 500,https://images-na.ssl-images-amazon.com/images/M/MV5BNjc3MjcxOTg1OV5BMl5BanBnXkFtZTgwNjA3ODEyMjE@._V1_.jpg,Patrick Duffy  Priscilla Presley  and Steve Kanaly in Dallas (1978),1978,29,parent
Patrick_Duffy,nm0001155,1949,nm0001155_17.jpg,189 146 320 295,750 500,https://images-na.ssl-images-amazon.com/images/M/MV5BMjhkY2E1ZDQtMzEzYi00ZmE3LWJmNDEtMTQ4ZmI5OTUyYjRmXkEyXkFqcGdeQXVyMzI5NDcxNzI@._V1_.jpg,Patrick Duffy in Man from Atlantis (1977),1977,28,parent
Patrick_Duffy,nm0001155,1949,nm0001155_18.jpg,365 173 454 261,1000 662,https://images-na.ssl-images-amazon.com/images/M/MV5BMjAyMDA5ODQ4MV5BMl5BanBnXkFtZTgwMTQ3NDA1MDI@._V1_SY1000_CR0,Patrick Duffy in Dallas (1978),1978,29,parent
Patrick_Duffy,nm0001155,1949,nm0001155_20.jpg,137 65 191 126,375 500,https://images-na.ssl-images-amazon.com/images/M/MV5BMTYxNzI5ODkzOF5BMl5BanBnXkFtZTgwNDg3ODEyMjE@._V1_.jpg,Patrick Duffy in Dallas (1978),1978,29,parent
Patrick_Duffy,nm0001155,1949,nm0001155_23.jpg,280 83 339 150,375 500,https://images-na.ssl-images-amazon.com/images/M/MV5BMTk0MDY5OTAyM15BMl5BanBnXkFtZTgwODUyMjIyMjE@._V1_.jpg,Patrick Duffy  Donna Reed  and Howard Keel in Dallas (1978),1978,29,parent
Patrick_Duffy,nm0001155,1949,nm0001155_24.jpg,204 82 250 131,450 301,https://images-na.ssl-images-amazon.com/images/M/MV5BMTY1Njk2ODY2Ml5BMl5BanBnXkFtZTYwMDc4OTM2._V1_.jpg,Dallas Larry Hagman  Patrick Duffy  Barbara Bel Geddes 1983 CBS,1983,34,parent
Patrick_Duffy,nm0001155,1949,nm0001155_27.jpg,245 130 336 244,375 500,https://images-na.ssl-images-amazon.com/images/M/MV5BMTk2Mzc0NzEzN15BMl5BanBnXkFtZTgwMTU4NDU5MjE@._V1_.jpg,Patrick Duffy in Dallas (1978),1978,29,parent
Patrick_Duffy,nm0001155,1949,nm0001155_28.jpg,338 83 366 112,375 500,https://images-na.ssl-images-amazon.com/images/M/MV5BMTU0MzQxODQ3NF5BMl5BanBnXkFtZTgwODQ4ODEyMjE@._V1_.jpg,Patrick Duffy and Larry Hagman in Dallas (1978),1978,29,parent
Patrick_Duffy,nm0001155,1949,nm0001155_31.jpg,321 78 342 113,375 500,https://images-na.ssl-images-amazon.com/images/M/MV5BMTExNDY0NTIzODleQTJeQWpwZ15BbWU4MDA0NDkxMjIx._V1_.jpg,Patrick Duffy in Dallas (1978),1978,29,parent
Patrick_Duffy,nm0001155,1949,nm0001155_33.jpg,137 73 185 127,375 500,https://images-na.ssl-images-amazon.com/images/M/MV5BNjQ5MzU0MjMwMl5BMl5BanBnXkFtZTgwNzY3ODEyMjE@._V1_.jpg,Patrick Duffy in Dallas (1978),1978,29,parent
Patrick_Duffy,nm0001155,1949,nm0001155_34.jpg,21 38 54 75,450 292,https://images-na.ssl-images-amazon.com/images/M/MV5BMTIxNTgzNTM1NV5BMl5BanBnXkFtZTYwNTY4OTM2._V1_.jpg,Dallas P. Duffy  V. Principal  B. Bel Geddes  L. Hagman  L. Gray  J. Davis  C. Tilton 1978 CBS E.T.,1978,29,parent
Patrick_Duffy,nm0001155,1949,nm0001155_35.jpg,117 87 230 214,375 500,https://images-na.ssl-images-amazon.com/images/M/MV5BMjE1NTA5NTg4NF5BMl5BanBnXkFtZTgwOTU2ODEyMjE@._V1_.jpg,Patrick Duffy in Dallas (1978),1978,29,parent
Patrick_Duffy,nm0001155,1949,nm0001155_38.jpg,151 107 184 171,375 500,https://images-na.ssl-images-amazon.com/images/M/MV5BMTQwNzc1MjgwMF5BMl5BanBnXkFtZTgwMDMzNjIyMjE@._V1_.jpg,Victoria Principal and Patrick Duffy in Dallas (1978),1978,29,parent
Patrick_Duffy,nm0001155,1949,nm0001155_42.jpg,202 74 240 112,375 500,https://images-na.ssl-images-amazon.com/images/M/MV5BMTEyMTY1ODMyMjleQTJeQWpwZ15BbWU4MDkwODgxMjIx._V1_.jpg,Patrick Duffy in Dallas (1978),1978,29,parent
Patrick_Duffy,nm0001155,1949,nm0001155_43.jpg,209 119 345 276,375 500,https://images-na.ssl-images-amazon.com/images/M/MV5BMTgzNzAwMDc3M15BMl5BanBnXkFtZTgwNTQ3ODEyMjE@._V1_.jpg,Patrick Duffy in Dallas (1978),1978,29,parent
Patrick_Duffy,nm0001155,1949,nm0001155_45.jpg,202 113 253 154,375 500,https://images-na.ssl-images-amazon.com/images/M/MV5BMTY0NDAwMjA2MF5BMl5BanBnXkFtZTgwMDM3ODEyMjE@._V1_.jpg,Patrick Duffy in Dallas (1978),1978,29,parent
Patrick_Duffy,nm0001155,1949,nm0001155_46.jpg,208 78 250 160,375 500,https://images-na.ssl-images-amazon.com/images/M/MV5BMTUwMDczNzUyNl5BMl5BanBnXkFtZTgwMDE3ODEyMjE@._V1_.jpg,Victoria Principal and Patrick Duffy in Dallas (1978),1978,29,parent
Patrick_Duffy,nm0001155,1949,nm0001155_47.jpg,100 81 136 122,375 500,https://images-na.ssl-images-amazon.com/images/M/MV5BMTUyNDc2NjAwMF5BMl5BanBnXkFtZTgwOTQ3ODEyMjE@._V1_.jpg,Victoria Principal and Patrick Duffy in Dallas (1978),1978,29,parent
Patrick_Duffy,nm0001155,1949,nm0001155_49.jpg,260 80 290 114,375 500,https://images-na.ssl-images-amazon.com/images/M/MV5BMTg0OTQzMzU5Ml5BMl5BanBnXkFtZTgwNTY2ODEyMjE@._V1_.jpg,Patrick Duffy  Larry Hagman  Danone Camden  and Deborah Tranelli in Dallas (1978),1978,29,parent
Patrick_Duffy,nm0001155,1949,nm0001155_50.jpg,114 87 160 127,375 500,https://images-na.ssl-images-amazon.com/images/M/MV5BMTg2MTk3ODM1N15BMl5BanBnXkFtZTgwMzQ1OTEyMjE@._V1_.jpg,Patrick Duffy and Larry Hagman in Dallas (1978),1978,29,parent
Patrick_Duffy,nm0001155,1949,nm0001155_54.jpg,249 125 326 232,375 500,https://images-na.ssl-images-amazon.com/images/M/MV5BNTM3MjIzMzE5NF5BMl5BanBnXkFtZTgwNjk4ODEyMjE@._V1_.jpg,Patrick Duffy and Priscilla Presley in Dallas (1978),1978,29,parent
Patrick_Duffy,nm0001155,1949,nm0001155_59.jpg,303 97 373 172,375 500,https://images-na.ssl-images-amazon.com/images/M/MV5BMTg5MDk0OTQyOV5BMl5BanBnXkFtZTgwNzE1ODEyMjE@._V1_.jpg,Patrick Duffy and Beth Toussaint in Dallas (1978),1978,29,parent
Patrick_Duffy,nm0001155,1949,nm0001155_61.jpg,246 123 282 165,375 500,https://images-na.ssl-images-amazon.com/images/M/MV5BMTcwMjgzNjQ3NV5BMl5BanBnXkFtZTgwNjgzOTEyMjE@._V1_.jpg,Patrick Duffy and Linda Gray in Dallas (1978),1978,29,parent
Patrick_Duffy,nm0001155,1949,nm0001155_65.jpg,370 102 467 209,375 500,https://images-na.ssl-images-amazon.com/images/M/MV5BMTg5OTAwMjk3Ml5BMl5BanBnXkFtZTgwMzY1OTEyMjE@._V1_.jpg,Patrick Duffy and Dennis Patrick in Dallas (1978),1978,29,parent
Patrick_Duffy,nm0001155,1949,nm0001155_66.jpg,377 114 411 149,375 500,https://images-na.ssl-images-amazon.com/images/M/MV5BMTQwNzc1MjgwMF5BMl5BanBnXkFtZTgwMDMzNjIyMjE@._V1_.jpg,Victoria Principal and Patrick Duffy in Dallas (1978),1978,29,parent
Patrick_Duffy,nm0001155,1949,nm0001155_67.jpg,248 94 272 112,375 500,https://images-na.ssl-images-amazon.com/images/M/MV5BOTQ2NTUyMTU5MF5BMl5BanBnXkFtZTgwMDEzOTEzMjE@._V1_.jpg,Patrick Duffy and Cheryl Ladd in Los ángeles de Charlie (1976),1976,27,parent
Patrick_Duffy,nm0001155,1949,nm0001155_71.jpg,244 82 275 140,375 500,https://images-na.ssl-images-amazon.com/images/M/MV5BMTUxNzkyOTk4M15BMl5BanBnXkFtZTgwNjc0OTEyMjE@._V1_.jpg,Patrick Duffy and Kimberly Foster in Dallas (1978),1978,29,parent
Patrick_Duffy,nm0001155,1949,nm0001155_74.jpg,152 107 250 230,375 500,https://images-na.ssl-images-amazon.com/images/M/MV5BMTc3OTE5OTc2NV5BMl5BanBnXkFtZTgwMjQzNjIyMjE@._V1_.jpg,Patrick Duffy and Sheree J. Wilson in Dallas (1978),1978,29,parent
Patrick_Duffy,nm0001155,1949,nm0001155_76.jpg,110 65 144 113,375 500,https://images-na.ssl-images-amazon.com/images/M/MV5BMTQxNTgwNDY5MF5BMl5BanBnXkFtZTgwMzc3ODEyMjE@._V1_.jpg,Victoria Principal  Patrick Duffy  Jenilee Harrison  Ken Kercheval  and Dack Rambo in Dallas (1978),1978,29,parent
Patrick_Duffy,nm0001155,1949,nm0001155_79.jpg,304 171 368 215,375 500,https://images-na.ssl-images-amazon.com/images/M/MV5BMTQyMTk3MjE4Nl5BMl5BanBnXkFtZTgwOTA2ODEyMjE@._V1_.jpg,Patrick Duffy and Linda Gray in Dallas (1978),1978,29,parent
Patrick_Duffy,nm0001155,1949,nm0001155_80.jpg,126 74 174 125,375 500,https://images-na.ssl-images-amazon.com/images/M/MV5BMTYxODA2NTc2OF5BMl5BanBnXkFtZTgwNjg3ODEyMjE@._V1_.jpg,Patrick Duffy and Sasha Mitchell in Dallas (1978),1978,29,parent
Patrick_Duffy,nm0001155,1949,nm0001155_82.jpg,80 115 99 136,430 299,https://images-na.ssl-images-amazon.com/images/M/MV5BODQ3NDAyMjA2NF5BMl5BanBnXkFtZTcwODcwMTMzMQ@@._V1._CR26,Victoria Principal  Barbara Bel Geddes  Patrick Duffy  Larry Hagman  Charlene Tilton  Jim Davis  and Linda Gray in Dallas (1978),1978,29,parent
Patrick_Duffy,nm0001155,1949,nm0001155_83.jpg,249 71 278 110,375 500,https://images-na.ssl-images-amazon.com/images/M/MV5BMjExMDIyNzQ4N15BMl5BanBnXkFtZTgwNjc4NDU5MjE@._V1_.jpg,Patrick Duffy in Dallas (1978),1978,29,parent
Patrick_Duffy,nm0001155,1949,nm0001155_84.jpg,276 110 304 140,375 500,https://images-na.ssl-images-amazon.com/images/M/MV5BNTc5NDM2NTEzNF5BMl5BanBnXkFtZTgwNDM3ODEyMjE@._V1_.jpg,Patrick Duffy and Larry Hagman in Dallas (1978),1978,29,parent
Patrick_Duffy,nm0001155,1949,nm0001155_85.jpg,308 85 361 143,375 500,https://images-na.ssl-images-amazon.com/images/M/MV5BMjAzMjQxNjYwMF5BMl5BanBnXkFtZTgwNjY0OTEyMjE@._V1_.jpg,Patrick Duffy in Dallas (1978),1978,29,parent
Patrick_Duffy,nm0001155,1949,nm0001155_88.jpg,157 176 177 201,375 500,https://images-na.ssl-images-amazon.com/images/M/MV5BMTY0ODcyMTczOF5BMl5BanBnXkFtZTgwNjg2NDU5MjE@._V1_.jpg,Barbara Bel Geddes  Patrick Duffy  Larry Hagman  and Morgan Woodward in Dallas (1978),1978,29,parent
Patrick_Duffy,nm0001155,1949,nm0001155_93.jpg,171 71 214 114,375 500,https://images-na.ssl-images-amazon.com/images/M/MV5BMTQ1MjU3MzU2OV5BMl5BanBnXkFtZTgwOTc4ODEyMjE@._V1_.jpg,Patrick Duffy in Dallas (1978),1978,29,parent
Patrick_Duffy,nm0001155,1949,nm0001155_95.jpg,331 91 376 126,375 500,https://images-na.ssl-images-amazon.com/images/M/MV5BMTcyMzUxNzU3MF5BMl5BanBnXkFtZTgwMjA4ODEyMjE@._V1_.jpg,Patrick Duffy in Dallas (1978),1978,29,parent
Patrick_Duffy,nm0001155,1949,nm0001155_96.jpg,236 97 252 119,375 500,https://images-na.ssl-images-amazon.com/images/M/MV5BMTY3ODIwNjY1NV5BMl5BanBnXkFtZTgwMjg3ODEyMjE@._V1_.jpg,Patrick Duffy and Larry Hagman in Dallas (1978),1978,29,parent
Patrick_Duffy,nm0001155,1949,nm0001155_97.jpg,249 110 290 196,375 500,https://images-na.ssl-images-amazon.com/images/M/MV5BMTc3MTUwNzcxMF5BMl5BanBnXkFtZTgwMTA1OTEyMjE@._V1_.jpg,Patrick Duffy and Sheree J. Wilson in Dallas (1978),1978,29,parent
Patrick_Duffy,nm0001155,1949,nm0001155_98.jpg,227 91 283 151,375 500,https://images-na.ssl-images-amazon.com/images/M/MV5BMjAwOTYwMTMxMl5BMl5BanBnXkFtZTgwNDExODc5MjE@._V1_.jpg,Patrick Duffy in Dallas (1978),1978,29,parent
Patrick_Duffy,nm0001155,1949,nm0001155_100.jpg,229 196 321 296,1000 776,https://images-na.ssl-images-amazon.com/images/M/MV5BMTU2MTE1MzAxNV5BMl5BanBnXkFtZTgwNjA3NDA1MDI@._V1_SY1000_CR0,Patrick Duffy and Larry Hagman in Dallas (1978),1978,29,parent
Patrick_Duffy,nm0001155,1949,nm0001155_101.jpg,237 138 338 245,375 500,https://images-na.ssl-images-amazon.com/images/M/MV5BODA0ODg5MTkzMF5BMl5BanBnXkFtZTgwNzM2ODEyMjE@._V1_.jpg,Patrick Duffy in Dallas (1978),1978,29,parent
Patrick_Duffy,nm0001155,1949,nm0001155_102.jpg,96 87 165 171,375 500,https://images-na.ssl-images-amazon.com/images/M/MV5BMTA0NTcyODY2OTNeQTJeQWpwZ15BbWU4MDE4NzgxMjIx._V1_.jpg,Patrick Duffy and Susan Lucci in Dallas (1978),1978,29,parent
Conor_Duffy,nm0240513,1980,nm0240513_5.jpg,597 158 613 180,480 640,https://images-na.ssl-images-amazon.com/images/M/MV5BNTA4Mjg2OTkwMF5BMl5BanBnXkFtZTgwNjczNTI2NzE@._V1_.jpg,Matthew Perry  Thomas Lennon  Wendell Pierce  Lindsay Sloane  Yvette Nicole Brown  Geoff Stults  Garry Marshall  Conor Duffy ODD COUPLE Curtain call 2015,2015,35,child
