name,imdb_id,byear,image,rect,height width,url,pic_description,picyear, age, kinship
Vic_Morrow,nm0607558,1929,nm0607558_2.jpg,181 268 336 440,1000 388,https://images-na.ssl-images-amazon.com/images/M/MV5BZWI0YTY4ZTQtOTBmNy00NWVkLTkwY2UtMjNkMDY0MDg5NDg2XkEyXkFqcGdeQXVyMDI2NDg0NQ@@._V1_SY1000_CR0,Glenn Ford  Anne Francis  Louis Calhern  Margaret Hayes  and Vic Morrow in Semilla de maldad (1955),1955,26,parent
Vic_Morrow,nm0607558,1929,nm0607558_3.jpg,161 326 260 458,1000 1084,https://images-na.ssl-images-amazon.com/images/M/MV5BYTY3OTg3ZWMtNGRmYy00ZjY1LTg4OWYtNmJiYTYwZTYzZTBkXkEyXkFqcGdeQXVyMDMxMjQwMw@@._V1_SY1000_CR0,Norman Alden  Eddie Hanley  Jon Kowal  and Vic Morrow in Portrait of a Mobster (1961),1961,32,parent
Vic_Morrow,nm0607558,1929,nm0607558_4.jpg,1068 133 1154 248,1000 1269,https://images-na.ssl-images-amazon.com/images/M/MV5BOTVkYTU2ZmMtYjg0Ny00ODRjLTlmZmYtNDRiYTA1ZDVlNWZlXkEyXkFqcGdeQXVyMDI2NDg0NQ@@._V1_SY1000_CR0,Glenn Ford and Vic Morrow in Semilla de maldad (1955),1955,26,parent
Vic_Morrow,nm0607558,1929,nm0607558_5.jpg,1128 464 1290 634,1000 1516,https://images-na.ssl-images-amazon.com/images/M/MV5BMjA2NjI3OTY5NF5BMl5BanBnXkFtZTcwNzM4OTIyNw@@._V1_SY1000_CR0,Glenn Ford and Vic Morrow in Semilla de maldad (1955),1955,26,parent
Vic_Morrow,nm0607558,1929,nm0607558_6.jpg,461 134 555 216,1000 741,https://images-na.ssl-images-amazon.com/images/M/MV5BMDU0NmFmNmMtOGU4ZS00MWUwLTljMDktNzE3NzBlYzg0NzZkXkEyXkFqcGdeQXVyMDI2NDg0NQ@@._V1_SY1000_CR0,Glenn Ford  Margaret Hayes  and Vic Morrow in Semilla de maldad (1955),1955,26,parent
Jennifer_Jason_Leigh,nm0000492,1962,nm0000492_1.jpg,287 96 351 180,375 500,https://images-na.ssl-images-amazon.com/images/M/MV5BMTUyOTMxOTM0NF5BMl5BanBnXkFtZTgwMjA1MTcyNzE@._V1_.jpg,Jennifer Jason Leigh and Mary-Louise Parker in La traficante (2005),2005,43,child
Jennifer_Jason_Leigh,nm0000492,1962,nm0000492_2.jpg,188 97 252 170,400 345,https://images-na.ssl-images-amazon.com/images/M/MV5BMTYxMzAzNzY0OV5BMl5BanBnXkFtZTYwODIzOTI4._V1_.jpg,Jennifer Jason Leigh and Jack Black at an event for Margot y la boda (2007),2007,45,child
Jennifer_Jason_Leigh,nm0000492,1962,nm0000492_3.jpg,72 176 204 370,457 438,https://images-na.ssl-images-amazon.com/images/M/MV5BMjA3NTE4ODg2OV5BMl5BanBnXkFtZTYwNDM5NjEz._V1_.jpg,Jennifer Jason Leigh at an event for Rag Tale (2005),2005,43,child
Jennifer_Jason_Leigh,nm0000492,1962,nm0000492_4.jpg,119 79 206 176,400 300,https://images-na.ssl-images-amazon.com/images/M/MV5BMTM1NDczNTY5MV5BMl5BanBnXkFtZTYwMDMzOTI4._V1_.jpg,Jennifer Jason Leigh at an event for Margot y la boda (2007),2007,45,child
Jennifer_Jason_Leigh,nm0000492,1962,nm0000492_5.jpg,78 52 122 94,346 450,https://images-na.ssl-images-amazon.com/images/M/MV5BMTk4OTEyNDA2M15BMl5BanBnXkFtZTYwMjgxMzc3._V1_.jpg,Jennifer Jason Leigh in The King Is Alive (2000),2000,38,child
Jennifer_Jason_Leigh,nm0000492,1962,nm0000492_6.jpg,318 246 510 450,999 667,https://images-na.ssl-images-amazon.com/images/M/MV5BNTgyNTEyNTY3MV5BMl5BanBnXkFtZTgwMjc3OTAxODE@._V1_SY999_CR0,Jennifer Jason Leigh in Pret-a-porter (1994),1994,32,child
Jennifer_Jason_Leigh,nm0000492,1962,nm0000492_7.jpg,632 135 754 250,686 1023,https://images-na.ssl-images-amazon.com/images/M/MV5BNDU3OTk1MTc1OV5BMl5BanBnXkFtZTcwMDQ4NjczNA@@._V1_.jpg,Jennifer Jason Leigh and Tom Burlinson in Flesh+Blood (1985),1985,23,child
Jennifer_Jason_Leigh,nm0000492,1962,nm0000492_8.jpg,707 128 817 264,551 980,https://images-na.ssl-images-amazon.com/images/M/MV5BNTE1NzU5NTc2Ml5BMl5BanBnXkFtZTcwNTAxMDQzOQ@@._V1_.jpg,Jennifer Jason Leigh and Anna Diop in The Moment (2013),2013,51,child
Jennifer_Jason_Leigh,nm0000492,1962,nm0000492_11.jpg,622 272 755 423,695 1023,https://images-na.ssl-images-amazon.com/images/M/MV5BMTU5NjU4NTc3OF5BMl5BanBnXkFtZTcwNzc4MjI0NA@@._V1_.jpg,Steve Buscemi and Jennifer Jason Leigh in Corazón de medianoche (1988),1988,26,child
Jennifer_Jason_Leigh,nm0000492,1962,nm0000492_12.jpg,354 260 411 335,682 1023,https://images-na.ssl-images-amazon.com/images/M/MV5BMTM2OTQ0NDQwNV5BMl5BanBnXkFtZTcwNDM4NjczNA@@._V1_.jpg,Rutger Hauer  Jennifer Jason Leigh  and Susan Tyrrell in Flesh+Blood (1985),1985,23,child
Jennifer_Jason_Leigh,nm0000492,1962,nm0000492_13.jpg,248 92 280 133,475 332,https://images-na.ssl-images-amazon.com/images/M/MV5BMTM3MjE0Mzc0OV5BMl5BanBnXkFtZTYwMjk4MTk4._V1_.jpg,Rutger Hauer  Jennifer Jason Leigh  and C. Thomas Howell in The Hitcher (1986),1986,24,child
Jennifer_Jason_Leigh,nm0000492,1962,nm0000492_14.jpg,225 194 714 628,1000 1504,https://images-na.ssl-images-amazon.com/images/M/MV5BMTUyNTYwNzU1OF5BMl5BanBnXkFtZTcwOTg4MDIyMw@@._V1_SY1000_CR0,Jennifer Jason Leigh in Greenberg (2010),2010,48,child
Jennifer_Jason_Leigh,nm0000492,1962,nm0000492_15.jpg,275 94 352 181,1000 658,https://images-na.ssl-images-amazon.com/images/M/MV5BNTk3MjY4OTU1Ml5BMl5BanBnXkFtZTgwMjA3MDYxMjE@._V1_SY1000_CR0,Elias Koteas  Jennifer Jason Leigh  Virginia Madsen  Jane Seymour  and Mike Vogel in Jake Squared (2013),2013,51,child
