name,imdb_id,byear,image,rect,height width,url,pic_description,picyear, age, kinship
Juliette_Mayniel,nm0562831,1936,nm0562831_1.jpg,311 264 686 631,750 1000,https://images-na.ssl-images-amazon.com/images/M/MV5BNWM1NTcyODgtODRiMC00ODc2LTkwZjMtOGJiMWM2NjI3MGQxXkEyXkFqcGdeQXVyMTI3MDk3MzQ@._V1_.jpg,Juliette Mayniel in Los primos (1959),1959,23,parent
Juliette_Mayniel,nm0562831,1936,nm0562831_2.jpg,530 117 638 230,750 1000,https://images-na.ssl-images-amazon.com/images/M/MV5BNjgzNTVjYTItZWMzMy00NmRlLTk5ODItMWE3MWYxZGNiYjYyXkEyXkFqcGdeQXVyMTI3MDk3MzQ@._V1_.jpg,Gérard Blain  Jean-Claude Brialy  and Juliette Mayniel in Los primos (1959),1959,23,parent
Juliette_Mayniel,nm0562831,1936,nm0562831_3.jpg,242 319 385 477,720 960,https://images-na.ssl-images-amazon.com/images/M/MV5BOTM4ZGI5NTYtNzZkMy00NTE2LWFlOTEtMDU4MmUwYmU4MWI4XkEyXkFqcGdeQXVyMTI3MDk3MzQ@._V1_.jpg,Jean-Claude Brialy and Juliette Mayniel in Los primos (1959),1959,23,parent
Juliette_Mayniel,nm0562831,1936,nm0562831_4.jpg,206 263 341 416,720 960,https://images-na.ssl-images-amazon.com/images/M/MV5BNzJiMDVjYzYtNDYxZi00NWRiLTk2MjMtOTJkNWQ1N2U1YjE2XkEyXkFqcGdeQXVyMTI3MDk3MzQ@._V1_.jpg,Claude Cerval and Juliette Mayniel in Los primos (1959),1959,23,parent
Juliette_Mayniel,nm0562831,1936,nm0562831_5.jpg,544 251 830 521,720 960,https://images-na.ssl-images-amazon.com/images/M/MV5BMTVjMTE0NzItZTljZC00YjAxLTgzOTEtMDNmNTU1YTNkM2I0XkEyXkFqcGdeQXVyMTI3MDk3MzQ@._V1_.jpg,Juliette Mayniel in Los primos (1959),1959,23,parent
Juliette_Mayniel,nm0562831,1936,nm0562831_7.jpg,637 266 760 411,720 960,https://images-na.ssl-images-amazon.com/images/M/MV5BNWVjMDBlYzctMDlkNS00YTA5LTg2NTUtMzlhNTNiYWU5MDdjXkEyXkFqcGdeQXVyMTI3MDk3MzQ@._V1_.jpg,Gérard Blain and Juliette Mayniel in Los primos (1959),1959,23,parent
Juliette_Mayniel,nm0562831,1936,nm0562831_8.jpg,564 219 752 448,720 960,https://images-na.ssl-images-amazon.com/images/M/MV5BZGZjNjhlNzAtMmFjNi00NDhjLWFlNmQtZjcwYWJkOWQzMWJjXkEyXkFqcGdeQXVyMTI3MDk3MzQ@._V1_.jpg,Jean-Claude Brialy and Juliette Mayniel in Los primos (1959),1959,23,parent
Juliette_Mayniel,nm0562831,1936,nm0562831_9.jpg,295 89 399 206,720 960,https://images-na.ssl-images-amazon.com/images/M/MV5BMTcxODVmYTMtMjJjMi00ZGUyLThiZWQtYTI3ZDVhOWYwMWU1XkEyXkFqcGdeQXVyMTI3MDk3MzQ@._V1_.jpg,Gérard Blain and Juliette Mayniel in Los primos (1959),1959,23,parent
Juliette_Mayniel,nm0562831,1936,nm0562831_10.jpg,347 180 554 449,720 960,https://images-na.ssl-images-amazon.com/images/M/MV5BY2Y4MThlYWMtZjRiZi00YzJmLWI1ZGMtMGZkZTMxZWIwNTRiXkEyXkFqcGdeQXVyMTI3MDk3MzQ@._V1_.jpg,Juliette Mayniel in Los primos (1959),1959,23,parent
Juliette_Mayniel,nm0562831,1936,nm0562831_11.jpg,263 228 435 464,720 960,https://images-na.ssl-images-amazon.com/images/M/MV5BZDg4NjFjYjctNmM1MS00N2VlLTgwNDEtOWZmZDdhZjk1NWNlXkEyXkFqcGdeQXVyMTI3MDk3MzQ@._V1_.jpg,Jean-Claude Brialy  Claude Cerval  and Juliette Mayniel in Los primos (1959),1959,23,parent
Juliette_Mayniel,nm0562831,1936,nm0562831_12.jpg,341 164 812 644,750 1000,https://images-na.ssl-images-amazon.com/images/M/MV5BNDhhODQwMWItYWVjMC00NjU2LTk4ZmQtZWJhYTFkNzc2NTNhXkEyXkFqcGdeQXVyMTI3MDk3MzQ@._V1_.jpg,Juliette Mayniel in Los primos (1959),1959,23,parent
Alessandro_Gassman,nm2655860,1965,nm2655860_1.jpg,219 48 281 123,253 450,https://images-na.ssl-images-amazon.com/images/M/MV5BMTY3MDExNzQwN15BMl5BanBnXkFtZTcwNDc5MTI0MQ@@._V1_.jpg,Alessandro Gassmann and Thure Riefenstein in Crociati (2001),2001,36,child
