name,imdb_id,byear,image,rect,height width,url,pic_description,picyear, age, kinship
Kay_Johnson,nm0425512,1904,nm0425512_1.jpg,257 80 313 143,585 750,https://images-na.ssl-images-amazon.com/images/M/MV5BMDhjZmEwYzYtNTQ0ZC00NDgxLWI1MjYtMjY2MWY0NDUzZTMyXkEyXkFqcGdeQXVyMTcyODY2NDQ@._V1_.jpg,Myrna Loy and Kay Johnson in Trece mujeres (1932),1932,28,parent
Kay_Johnson,nm0425512,1904,nm0425512_2.jpg,301 159 428 333,977 757,https://images-na.ssl-images-amazon.com/images/M/MV5BNTExMDlkMDYtYzE2NS00MTliLWE1YjgtNTk2NWNhNjRjYmE1L2ltYWdlXkEyXkFqcGdeQXVyMTk2MzI2Ng@@._V1_.jpg,Leslie Howard and Kay Johnson in El cautivo del deseo (1934),1934,30,parent
Kay_Johnson,nm0425512,1904,nm0425512_3.jpg,562 352 615 409,756 1000,https://images-na.ssl-images-amazon.com/images/M/MV5BYzc2OTc0MmYtMmIyYi00MmJiLWI5ODYtNzgxOWIyM2NjMGUyL2ltYWdlXkEyXkFqcGdeQXVyMjUxODE0MDY@._V1_.jpg,Charles Bickford  Kay Johnson  and Conrad Nagel in Dinamita (1929),1929,25,parent
Kay_Johnson,nm0425512,1904,nm0425512_4.jpg,211 119 231 142,591 750,https://images-na.ssl-images-amazon.com/images/M/MV5BMjhiODdjMjYtMDM2OC00ODg1LTlhYmYtNjY2YjRjMzA4MTMwXkEyXkFqcGdeQXVyMTcyODY2NDQ@._V1_.jpg,Reginald Denny  Kay Johnson  and Lillian Roth in Madam Satan (1930),1930,26,parent
Kay_Johnson,nm0425512,1904,nm0425512_5.jpg,571 247 598 277,1000 755,https://images-na.ssl-images-amazon.com/images/M/MV5BYWZiNTgwZGQtNTFiYy00NGI4LWJjNDAtOTQ4ZTliMDVjMDc5XkEyXkFqcGdeQXVyMDMxMjQwMw@@._V1_SY1000_CR0,Gary Cooper  William 'Stage' Boyd  Betty Compson  Harry Green  Kay Johnson  and Slim Summerville in The Spoilers (1930),1930,26,parent
Kay_Johnson,nm0425512,1904,nm0425512_6.jpg,554 83 641 176,589 750,https://images-na.ssl-images-amazon.com/images/M/MV5BNzA3ZDUzMjMtZTEyOS00MGY5LTlkZWEtOWMwMWM1ZTY0OGVlXkEyXkFqcGdeQXVyMTcyODY2NDQ@._V1_.jpg,Randolph Scott  Robert Barrat  and Kay Johnson in Village Tale (1935),1935,31,parent
Kay_Johnson,nm0425512,1904,nm0425512_7.jpg,266 316 299 360,500 350,https://images-na.ssl-images-amazon.com/images/M/MV5BMjI0NjM0MTE3M15BMl5BanBnXkFtZTgwODI4NjQ1MTE@._V1_.jpg,Wallace Beery  Johnny Mack Brown  and Kay Johnson in Armas prohibidas (1930),1930,26,parent
Kay_Johnson,nm0425512,1904,nm0425512_8.jpg,603 211 630 238,591 750,https://images-na.ssl-images-amazon.com/images/M/MV5BMmNjNTZjZWItNmRjYi00NWY3LTliMjMtNmEyODdhOGViNDUyXkEyXkFqcGdeQXVyMTcyODY2NDQ@._V1_.jpg,Reginald Denny and Kay Johnson in Madam Satan (1930),1930,26,parent
Kay_Johnson,nm0425512,1904,nm0425512_9.jpg,607 721 682 846,1000 857,https://images-na.ssl-images-amazon.com/images/M/MV5BZmM3Y2Y0YTQtNDhmYy00MGI5LTlkNDctOWQ1MWFlZjNiOWZmXkEyXkFqcGdeQXVyMDMxMjQwMw@@._V1_SY1000_CR0,Wallace Beery  Johnny Mack Brown  and Kay Johnson in Armas prohibidas (1930),1930,26,parent
Kay_Johnson,nm0425512,1904,nm0425512_10.jpg,104 263 145 307,517 684,https://images-na.ssl-images-amazon.com/images/M/MV5BYzM4YmY2NjYtN2ZhNC00ZjliLWFhZDYtZWQzNGYyOTgyYmZkXkEyXkFqcGdeQXVyMDMxMjQwMw@@._V1_.jpg,Kay Johnson and Louis Wolheim in The Ship from Shanghai (1930),1930,26,parent
Kay_Johnson,nm0425512,1904,nm0425512_11.jpg,307 256 521 482,1000 802,https://images-na.ssl-images-amazon.com/images/M/MV5BZTdlODRhNzEtYTdjNS00Mzg5LWFkYzMtMTg0NzcwOTY3NmQ2XkEyXkFqcGdeQXVyMzAwOTU1MTk@._V1_SY1000_CR0,Kay Johnson in The Ship from Shanghai (1930),1930,26,parent
Kay_Johnson,nm0425512,1904,nm0425512_12.jpg,510 235 636 389,805 1024,https://images-na.ssl-images-amazon.com/images/M/MV5BZWFjODlkMzktMjcxNC00MTk1LTk4ODgtMzdmOTNiNWMzZDhjL2ltYWdlL2ltYWdlXkEyXkFqcGdeQXVyMzI5NDcxNzI@._V1_.jpg,Kay Johnson in Madam Satan (1930),1930,26,parent
Kay_Johnson,nm0425512,1904,nm0425512_13.jpg,358 833 409 890,1000 497,https://images-na.ssl-images-amazon.com/images/M/MV5BM2QzOTk1NWMtM2MxOS00ZDJiLWE4NTQtNzQzNjM5NmYwMWYzXkEyXkFqcGdeQXVyMDMxMjQwMw@@._V1_SY1000_CR0,Wallace Beery  Johnny Mack Brown  and Kay Johnson in Armas prohibidas (1930),1930,26,parent
Kay_Johnson,nm0425512,1904,nm0425512_14.jpg,228 525 331 632,724 729,https://images-na.ssl-images-amazon.com/images/M/MV5BNjQ4YjU4MzEtYWI0NS00OGMxLTk1MTMtYWQ0MDFiYmI1ZDQ1XkEyXkFqcGdeQXVyMDMxMjQwMw@@._V1_.jpg,Gary Cooper  William 'Stage' Boyd  Betty Compson  and Kay Johnson in The Spoilers (1930),1930,26,parent
Kay_Johnson,nm0425512,1904,nm0425512_15.jpg,175 118 194 150,524 680,https://images-na.ssl-images-amazon.com/images/M/MV5BZjM3ZTQwMWMtZGIyNy00NzMxLWE1YWYtY2IyMGIyNzRiOWVlXkEyXkFqcGdeQXVyMDMxMjQwMw@@._V1_.jpg,Kay Johnson  Ivan Linow  Conrad Nagel  and Louis Wolheim in The Ship from Shanghai (1930),1930,26,parent
Kay_Johnson,nm0425512,1904,nm0425512_16.jpg,97 104 280 320,571 454,https://images-na.ssl-images-amazon.com/images/M/MV5BYjdjZjBmZGYtODcwZC00OWRkLTk3ZDgtOTFmNjA5OTBlMjI4L2ltYWdlL2ltYWdlXkEyXkFqcGdeQXVyMzI5NDcxNzI@._V1_.jpg,Kay Johnson in Madam Satan (1930),1930,26,parent
Kay_Johnson,nm0425512,1904,nm0425512_17.jpg,262 113 285 140,400 500,https://images-na.ssl-images-amazon.com/images/M/MV5BMjA2ODAyNzYyNV5BMl5BanBnXkFtZTcwMTU3MjE0NA@@._V1_.jpg,Madam Satan Kay Johnson  director Cecil B. DeMille 1930 MGM,1930,26,parent
Kay_Johnson,nm0425512,1904,nm0425512_18.jpg,474 85 503 131,380 600,https://images-na.ssl-images-amazon.com/images/M/MV5BN2ZlZmFmOWUtYjVhNS00MTkwLThmNTEtMmViZDRkZDk0YTc0L2ltYWdlL2ltYWdlXkEyXkFqcGdeQXVyMzI5NDcxNzI@._V1_.jpg,Reginald Denny and Kay Johnson in Madam Satan (1930),1930,26,parent
Kay_Johnson,nm0425512,1904,nm0425512_19.jpg,131 351 180 403,545 708,https://images-na.ssl-images-amazon.com/images/M/MV5BNmU1NzE2YzAtYjhmYy00ODkyLTgyYWUtYzI3OWFiZjFlMzU1XkEyXkFqcGdeQXVyMDMxMjQwMw@@._V1_.jpg,Kay Johnson  Conrad Nagel  and Louis Wolheim in The Ship from Shanghai (1930),1930,26,parent
Kay_Johnson,nm0425512,1904,nm0425512_20.jpg,109 161 194 243,447 300,https://images-na.ssl-images-amazon.com/images/M/MV5BMTZhNTMzM2ItYWViMC00N2IzLWFiOGEtY2U5M2M4MmQ5MDhhXkEyXkFqcGdeQXVyMTk2MzI2Ng@@._V1_.jpg,Pat O'Brien  Walter Huston  and Kay Johnson in La locura del dólar (1932),1932,28,parent
Kay_Johnson,nm0425512,1904,nm0425512_21.jpg,603 114 655 188,630 811,https://images-na.ssl-images-amazon.com/images/M/MV5BZmRkN2FlMWYtMDk4MC00ODM4LWE0NzgtYmU0ZGI1Y2M2NjFmL2ltYWdlL2ltYWdlXkEyXkFqcGdeQXVyMzI5NDcxNzI@._V1_.jpg,Reginald Denny  Kay Johnson  and Roland Young in Madam Satan (1930),1930,26,parent
Kay_Johnson,nm0425512,1904,nm0425512_22.jpg,472 293 508 344,999 1258,https://images-na.ssl-images-amazon.com/images/M/MV5BOGY1NDIyNjUtMTU4Ni00YmU1LWIzN2YtZGYwYjI1MzAwNGVkXkEyXkFqcGdeQXVyMzAwOTU1MTk@._V1_SX1258_CR0,Kay Johnson and Louis Wolheim in The Ship from Shanghai (1930),1930,26,parent
Kay_Johnson,nm0425512,1904,nm0425512_23.jpg,421 294 476 355,1000 1272,https://images-na.ssl-images-amazon.com/images/M/MV5BYjc0MTM0ZDItZjg2ZC00OGM5LWE2YjMtYTdiOTgxMDUyZjg0XkEyXkFqcGdeQXVyMzAwOTU1MTk@._V1_SY1000_CR0,Nigel Bruce  Ian Hunter  Kay Johnson  Molly Lamont  and David Manners in Jalna (1935),1935,31,parent
Kay_Johnson,nm0425512,1904,nm0425512_24.jpg,144 179 203 248,413 531,https://images-na.ssl-images-amazon.com/images/M/MV5BNzg3YTVlZTEtYjUyYS00NTM5LWE1MGUtZjNiMTFiNzA0OTNhL2ltYWdlL2ltYWdlXkEyXkFqcGdeQXVyMjUxODE0MDY@._V1_.jpg,Johnny Mack Brown and Kay Johnson in Armas prohibidas (1930),1930,26,parent
Kay_Johnson,nm0425512,1904,nm0425512_25.jpg,1022 400 1172 550,1000 1297,https://images-na.ssl-images-amazon.com/images/M/MV5BZDdlM2Y5NjAtMmFkYi00NGIwLWEwZTMtZjJmNDkwODlhODkxXkEyXkFqcGdeQXVyMzAwOTU1MTk@._V1_SY1000_CR0,Charles Bickford and Kay Johnson in Dinamita (1929),1929,25,parent
Kay_Johnson,nm0425512,1904,nm0425512_26.jpg,362 272 400 323,1000 820,https://images-na.ssl-images-amazon.com/images/M/MV5BNjg0NDY2YzItOGJlZC00ODgxLTlkYzUtNTEzNjNjODk4Mzg1XkEyXkFqcGdeQXVyMzAwOTU1MTk@._V1_SY1000_CR0,Charles Bickford and Kay Johnson in Passion Flower (1930),1930,26,parent
Kay_Johnson,nm0425512,1904,nm0425512_27.jpg,80 439 163 510,686 296,https://images-na.ssl-images-amazon.com/images/M/MV5BMmQzOWQyZTMtZjYwOS00ZDA0LTgyOWItNmRlN2RkNzBkODM3XkEyXkFqcGdeQXVyMDMxMjQwMw@@._V1_.jpg,Gary Cooper  Betty Compson  and Kay Johnson in The Spoilers (1930),1930,26,parent
James_Cromwell,nm2684474,1940,nm2684474_1.jpg,270 230 400 377,1000 665,https://images-na.ssl-images-amazon.com/images/M/MV5BYmExNDFhOGQtZDM0Yy00ZGFjLTllNTEtZjk0ZmU1MzNhZjFkL2ltYWdlXkEyXkFqcGdeQXVyNjc5Mjg0NjU@._V1_SY1000_CR0,James Cromwell in The Young Pope (2016),2016,76,child
James_Cromwell,nm2684474,1940,nm2684474_2.jpg,201 100 270 189,750 468,https://images-na.ssl-images-amazon.com/images/M/MV5BMjEyNTEwNjcwOV5BMl5BanBnXkFtZTYwMzUzNjYz._V1_.jpg,James Cromwell at an event for Misión imposible (1996),1996,56,child
James_Cromwell,nm2684474,1940,nm2684474_3.jpg,101 49 144 99,267 400,https://images-na.ssl-images-amazon.com/images/M/MV5BMjE0MzkxOTI3Ml5BMl5BanBnXkFtZTcwNzY3Nzc5MQ@@._V1_.jpg,James Woods  James Cromwell  and Josh Brolin at an event for W. (2008),2008,68,child
James_Cromwell,nm2684474,1940,nm2684474_4.jpg,254 69 297 144,435 653,https://images-na.ssl-images-amazon.com/images/M/MV5BMTM3MTg2NzUwMl5BMl5BanBnXkFtZTcwNDU3MzM3OA@@._V1_.jpg,James Cromwell and David Chisum in American Horror Story (2011),2011,71,child
James_Cromwell,nm2684474,1940,nm2684474_5.jpg,162 97 176 117,399 500,https://images-na.ssl-images-amazon.com/images/M/MV5BMjMyMzM2NDY3M15BMl5BanBnXkFtZTgwOTQyOTA1MTE@._V1_.jpg,David Niven  James Cromwell  Peter Falk  Peter Sellers  Maggie Smith  Elsa Lanchester  Eileen Brennan  James Coco  Richard Narita  and Estelle Winwood in Crimen por muerte (1976),1976,36,child
James_Cromwell,nm2684474,1940,nm2684474_6.jpg,403 52 445 89,427 653,https://images-na.ssl-images-amazon.com/images/M/MV5BNzQyOTkwODk3MF5BMl5BanBnXkFtZTcwNjg1OTM4OA@@._V1_.jpg,James Cromwell and Evan Peters in American Horror Story (2011),2011,71,child
James_Cromwell,nm2684474,1940,nm2684474_7.jpg,1131 119 1226 249,999 1500,https://images-na.ssl-images-amazon.com/images/M/MV5BMTMzOTg4OTY1Nl5BMl5BanBnXkFtZTcwNjk1OTQzMw@@._V1_SX1500_CR0,James Cromwell and William Fichtner in Golpe bajo - El juego final (2005),2005,65,child
James_Cromwell,nm2684474,1940,nm2684474_10.jpg,217 213 408 437,1000 666,https://images-na.ssl-images-amazon.com/images/M/MV5BMTM2OTgyMzY4Nl5BMl5BanBnXkFtZTcwMTkxNzE1OQ@@._V1_.jpg,James Cromwell in Betrayal (2013),2013,73,child
James_Cromwell,nm2684474,1940,nm2684474_11.jpg,194 187 291 321,375 500,https://images-na.ssl-images-amazon.com/images/M/MV5BMTQ2ODkzNDU3OV5BMl5BanBnXkFtZTgwMjQyNzI0MjE@._V1_.jpg,James Cromwell in American Horror Story (2011),2011,71,child
James_Cromwell,nm2684474,1940,nm2684474_13.jpg,333 78 371 126,375 500,https://images-na.ssl-images-amazon.com/images/M/MV5BMjE3NzYxOTAwM15BMl5BanBnXkFtZTgwNDM2NzEyMjE@._V1_.jpg,James Cromwell and Harry Anderson in Night Court (1984),1984,44,child
James_Cromwell,nm2684474,1940,nm2684474_14.jpg,149 51 241 159,375 500,https://images-na.ssl-images-amazon.com/images/M/MV5BMTg2Nzk5NDUwOV5BMl5BanBnXkFtZTgwNzYxNzM0MjE@._V1_.jpg,James Cromwell in Six Feet Under (2001),2001,61,child
James_Cromwell,nm2684474,1940,nm2684474_15.jpg,256 49 312 121,375 500,https://images-na.ssl-images-amazon.com/images/M/MV5BMTk3OTc2NzAxNl5BMl5BanBnXkFtZTgwNzYyNzM0MjE@._V1_.jpg,James Cromwell in Six Feet Under (2001),2001,61,child
James_Cromwell,nm2684474,1940,nm2684474_16.jpg,57 31 76 55,303 475,https://images-na.ssl-images-amazon.com/images/M/MV5BMTQ3NDg2NjE0Nl5BMl5BanBnXkFtZTYwMjk1NTE3._V1_.jpg,James Cromwell  Tantoo Cardinal  and Joseph Ashton in The Education of Little Tree (1997),1997,57,child
James_Cromwell,nm2684474,1940,nm2684474_18.jpg,441 151 504 218,1000 1394,https://images-na.ssl-images-amazon.com/images/M/MV5BMjI4MDAwMjgyOF5BMl5BanBnXkFtZTcwODQ5MTY0Nw@@._V1_SY1000_CR0,James Cromwell  Penelope Ann Miller  Bérénice Bejo  Jean Dujardin  Michel Hazanavicius  Thomas Langmann  Missi Pyle  and Uggie at an event for The 84th Annual Academy Awards (2012),2012,72,child
James_Cromwell,nm2684474,1940,nm2684474_19.jpg,1287 127 1333 195,999 1537,https://images-na.ssl-images-amazon.com/images/M/MV5BMTY1OTIyNDYwOF5BMl5BanBnXkFtZTcwNjQ1MzUzMw@@._V1_SX1537_CR0,James Cromwell and Josh Brolin in W. (2008),2008,68,child
James_Cromwell,nm2684474,1940,nm2684474_21.jpg,302 34 329 66,276 475,https://images-na.ssl-images-amazon.com/images/M/MV5BMTA1MTEzODg5OTNeQTJeQWpwZ15BbWU2MDQ4NTUxNw@@._V1_.jpg,James Cromwell  Tantoo Cardinal  and Joseph Ashton in The Education of Little Tree (1997),1997,57,child
James_Cromwell,nm2684474,1940,nm2684474_22.jpg,80 81 223 245,375 500,https://images-na.ssl-images-amazon.com/images/M/MV5BMzAzMjY1Mzk2OV5BMl5BanBnXkFtZTgwMTIyMzYyMjE@._V1_.jpg,James Cromwell and Rena Sofer in 24 (2001),2001,61,child
James_Cromwell,nm2684474,1940,nm2684474_23.jpg,374 160 474 285,999 1376,https://images-na.ssl-images-amazon.com/images/M/MV5BMTU3MDg3MzUxMl5BMl5BanBnXkFtZTgwNDEwNzAzMDE@._V1_SX1376_CR0,James Cromwell at an event for The 65th Primetime Emmy Awards (2013),2013,73,child
James_Cromwell,nm2684474,1940,nm2684474_24.jpg,1002 351 1147 537,1000 1534,https://images-na.ssl-images-amazon.com/images/M/MV5BMTMwNjAxNzU0N15BMl5BanBnXkFtZTcwODQ1MzUzMw@@._V1_SY1000_CR0,James Cromwell and Ellen Burstyn in W. (2008),2008,68,child
James_Cromwell,nm2684474,1940,nm2684474_25.jpg,410 68 465 150,495 653,https://images-na.ssl-images-amazon.com/images/M/MV5BNTU1NTE4MTUxOV5BMl5BanBnXkFtZTcwMzUwNDU3OA@@._V1_.jpg,James Cromwell and Lily Rabe in American Horror Story (2011),2011,71,child
James_Cromwell,nm2684474,1940,nm2684474_26.jpg,894 178 1034 358,1000 1503,https://images-na.ssl-images-amazon.com/images/M/MV5BNDE1NzIxODczNV5BMl5BanBnXkFtZTgwMTc5MTg1MDE@._V1_SY1000_CR0,James Cromwell in El imperio del contrabando (2010),2010,70,child
James_Cromwell,nm2684474,1940,nm2684474_27.jpg,103 76 153 133,400 244,https://images-na.ssl-images-amazon.com/images/M/MV5BMjUxNTc3NjY3OV5BMl5BanBnXkFtZTYwODQ4NzI0._V1_.jpg,James Cromwell at an event for Los Ángeles al desnudo (1997),1997,57,child
James_Cromwell,nm2684474,1940,nm2684474_29.jpg,189 80 233 148,653 435,https://images-na.ssl-images-amazon.com/images/M/MV5BMTkyNTc3Nzk4N15BMl5BanBnXkFtZTcwMTg5NzA4OA@@._V1_.jpg,James Cromwell in American Horror Story (2011),2011,71,child
James_Cromwell,nm2684474,1940,nm2684474_30.jpg,187 142 278 255,737 475,https://images-na.ssl-images-amazon.com/images/M/MV5BMTY2NzEyMTk4MF5BMl5BanBnXkFtZTYwMDA2NTE3._V1_.jpg,James Cromwell in The Education of Little Tree (1997),1997,57,child
James_Cromwell,nm2684474,1940,nm2684474_31.jpg,144 96 179 141,397 475,https://images-na.ssl-images-amazon.com/images/M/MV5BMjEwNjEzNDk2Nl5BMl5BanBnXkFtZTYwMjc0NDQ3._V1_.jpg,James Cromwell  Elizabeth Daily  and Magda Szubanski in Babe  el chanchito en la ciudad (1998),1998,58,child
James_Cromwell,nm2684474,1940,nm2684474_32.jpg,73 120 211 297,400 296,https://images-na.ssl-images-amazon.com/images/M/MV5BMTk2NzIwNTg0NV5BMl5BanBnXkFtZTcwMTMwMTQxMw@@._V1_.jpg,James Cromwell at an event for Legión de ángeles (2010),2010,70,child
James_Cromwell,nm2684474,1940,nm2684474_34.jpg,641 271 751 386,1000 1504,https://images-na.ssl-images-amazon.com/images/M/MV5BMjE4NDc2NzQ4M15BMl5BanBnXkFtZTcwMDExMTEyOA@@._V1_SY1000_CR0,Sean Bean  James Cromwell  and Dominic Monaghan in Soldiers of Fortune (2012),2012,72,child
James_Cromwell,nm2684474,1940,nm2684474_37.jpg,300 356 367 446,1000 665,https://images-na.ssl-images-amazon.com/images/M/MV5BMTQ2Mzk5MzQzNF5BMl5BanBnXkFtZTcwOTY1NzUxOA@@._V1_SY1000_CR0,James Cromwell  George Murdock  and Jack Soo in Barney Miller (1975),1975,35,child
James_Cromwell,nm2684474,1940,nm2684474_39.jpg,225 111 250 141,300 450,https://images-na.ssl-images-amazon.com/images/M/MV5BMTQ3NTE2NjA0NF5BMl5BanBnXkFtZTcwODEzNTUzMQ@@._V1_.jpg,James Cromwell and Simon West in La hija del general (1999),1999,59,child
James_Cromwell,nm2684474,1940,nm2684474_41.jpg,485 211 658 422,888 1184,https://images-na.ssl-images-amazon.com/images/M/MV5BN2YzMmZkOTYtNTRlNS00NDYwLWExY2EtMmY3YzgyZjk0YTI5XkEyXkFqcGdeQXVyNjUxMjc1OTM@._V1_.jpg,James Cromwell in M*A*S*H (1972),1972,32,child
James_Cromwell,nm2684474,1940,nm2684474_45.jpg,403 111 451 171,665 1000,https://images-na.ssl-images-amazon.com/images/M/MV5BMTg2NDIxOTMxNF5BMl5BanBnXkFtZTcwMzgxNzE1OQ@@._V1_.jpg,James Cromwell  Henry Thomas  and Hannah Ware in Betrayal (2013),2013,73,child
James_Cromwell,nm2684474,1940,nm2684474_49.jpg,830 142 943 283,999 1242,https://images-na.ssl-images-amazon.com/images/M/MV5BMTc5MjA2NDM2N15BMl5BanBnXkFtZTgwMjMwNzAzMDE@._V1_SX1242_CR0,James Cromwell at an event for The 65th Primetime Emmy Awards (2013),2013,73,child
