name,imdb_id,byear,image,rect,height width,url,pic_description,picyear, age, kinship
John_Landis,nm0000484,1950,nm0000484_10.jpg,596 125 637 164,688 1023,https://images-na.ssl-images-amazon.com/images/M/MV5BMTgxOTU5OTYzMl5BMl5BanBnXkFtZTcwMjY5MDQ3NA@@._V1_.jpg,Steve Martin  Chevy Chase  John Landis  Alfonso Arau  Martin Short  Patrice Martinez  Candy Castillo  Jorge Cervera Jr.  Jeff O'Haco  and Tony Plana in Three Amigos! (1986),1986,36,parent
John_Landis,nm0000484,1950,nm0000484_11.jpg,182 220 229 268,500 328,https://images-na.ssl-images-amazon.com/images/M/MV5BMTUxMzU1MjQxMF5BMl5BanBnXkFtZTcwNTYwMTUzNw@@._V1_.jpg,An American Werewolf in London Director John Landis 1981 Universal Pictures,1981,31,parent
John_Landis,nm0000484,1950,nm0000484_16.jpg,155 156 386 465,852 1700,https://images-na.ssl-images-amazon.com/images/M/MV5BMmRlZDc3MjMtMTA5Mi00OWVlLWI5NzYtMWM5YzYyZDVkMTVlXkEyXkFqcGdeQXVyMTEwODg2MDY@._V1_.jpg,John Landis  Griffin Dunne  and David Naughton in Hombre lobo americano (1981),1981,31,parent
Max_Landis,nm0484840,1985,nm0484840_1.jpg,680 355 750 450,999 1500,https://images-na.ssl-images-amazon.com/images/M/MV5BMTQ4Nzg1MDQ5Ml5BMl5BanBnXkFtZTgwNTYwNDI5MDI@._V1_SX1500_CR0,Max Landis in Dirk Gently's Holistic Detective Agency (2016),2016,31,child
Max_Landis,nm0484840,1985,nm0484840_3.jpg,678 238 860 470,1000 1497,https://images-na.ssl-images-amazon.com/images/M/MV5BNDI0MDQ0NDYwOF5BMl5BanBnXkFtZTgwNzYwNDI5MDI@._V1_SY1000_CR0,Max Landis in Dirk Gently's Holistic Detective Agency (2016),2016,31,child
Max_Landis,nm0484840,1985,nm0484840_9.jpg,257 128 364 271,1000 680,https://images-na.ssl-images-amazon.com/images/M/MV5BMTgxMDY4MDU1Nl5BMl5BanBnXkFtZTgwNjUzMjcwMDI@._V1_SY1000_CR0,Max Landis at an event for The 68th Primetime Emmy Awards (2016),2016,31,child
