name,imdb_id,byear,image,rect,height width,url,pic_description,picyear, age, kinship
Robert_Mitchum,nm0000053,1917,nm0000053_1.jpg,268 467 290 522,1000 872,https://images-na.ssl-images-amazon.com/images/M/MV5BMTY5OTUyNDQ2M15BMl5BanBnXkFtZTcwMTcxOTM2NA@@._V1_SY1000_CR0,Robert Mitchum and Lillian Gish in La noche del cazador (1955),1955,38,parent
Robert_Mitchum,nm0000053,1917,nm0000053_2.jpg,192 408 305 533,1000 1244,https://images-na.ssl-images-amazon.com/images/M/MV5BMTU0ODk4MjU4Ml5BMl5BanBnXkFtZTcwNDAzMTMyNw@@._V1_SY1000_CR0,Robert Mitchum  Robert Young  and Robert Ryan in Encrucijada de odios (1947),1947,30,parent
Robert_Mitchum,nm0000053,1917,nm0000053_4.jpg,214 203 283 275,524 397,https://images-na.ssl-images-amazon.com/images/M/MV5BNzZkZWM3ZGUtNjkzYy00Nzc4LWIyYzAtMjhhNTA3OGViY2IwXkEyXkFqcGdeQXVyMjUxODE0MDY@._V1_.jpg,Robert Mitchum and Jane Russell in His Kind of Woman (1951),1951,34,parent
Robert_Mitchum,nm0000053,1917,nm0000053_5.jpg,72 81 200 207,1000 358,https://images-na.ssl-images-amazon.com/images/M/MV5BNmFmNzMyZWMtMThjOC00YjcxLTk2YjctOWQ4MjE5Y2IxMTdjXkEyXkFqcGdeQXVyMDUyOTUyNQ@@._V1_SY1000_CR0,Robert Mitchum  Gilbert Roland  and Ursula Thiess in Bandido! (1956),1956,39,parent
Robert_Mitchum,nm0000053,1917,nm0000053_6.jpg,196 51 256 163,350 500,https://images-na.ssl-images-amazon.com/images/M/MV5BYjQ4YTg4NWMtYmU4MC00NWNhLWE1ZWQtZWM1NzNmOTdkMTUxXkEyXkFqcGdeQXVyMTE2NzA0Ng@@._V1_.jpg,Robert Mitchum and Jane Greer in Retorno al pasado (1947),1947,30,parent
Robert_Mitchum,nm0000053,1917,nm0000053_7.jpg,156 99 202 152,323 450,https://images-na.ssl-images-amazon.com/images/M/MV5BMTczOTg1OTU3OV5BMl5BanBnXkFtZTYwMjUzNjU2._V1_.jpg,River Of No Return M. Monroe & Robert Mitchum 1954 20th,1954,37,parent
Robert_Mitchum,nm0000053,1917,nm0000053_8.jpg,437 179 492 245,1000 821,https://images-na.ssl-images-amazon.com/images/M/MV5BMTEwNDYyNjY0NzdeQTJeQWpwZ15BbWU3MDExODE5MzQ@._V1_SY1000_CR0,Robert Mitchum in Foreign Intrigue (1956),1956,39,parent
Robert_Mitchum,nm0000053,1917,nm0000053_10.jpg,640 218 712 318,1000 1270,https://images-na.ssl-images-amazon.com/images/M/MV5BNTc3NjAyNzY3Ml5BMl5BanBnXkFtZTgwMjMzOTEwMjE@._V1_SY1000_CR0,Robert Mitchum and Marilyn Monroe in Almas perdidas (1954),1954,37,parent
Robert_Mitchum,nm0000053,1917,nm0000053_14.jpg,213 401 359 582,931 580,https://images-na.ssl-images-amazon.com/images/M/MV5BYmQzZDJkMzEtZTJkZS00NGE5LTgxYjktMDRmOGNhMDk0MGZiXkEyXkFqcGdeQXVyMjUxODE0MDY@._V1_.jpg,Robert Mitchum  William Bendix  and Jane Greer in The Big Steal (1949),1949,32,parent
Robert_Mitchum,nm0000053,1917,nm0000053_15.jpg,779 116 901 235,712 1223,https://images-na.ssl-images-amazon.com/images/M/MV5BMGIzZjY2ZjItNmE4NC00NGIwLWE3YTYtZjgxMWVhMzE0MDk5XkEyXkFqcGdeQXVyMjk3NTUyOTc@._V1_.jpg,Kirk Douglas and Robert Mitchum in Retorno al pasado (1947),1947,30,parent
James_Mitchum,nm0593849,1941,nm0593849_4.jpg,277 161 565 458,1000 784,https://images-na.ssl-images-amazon.com/images/M/MV5BMzIyNDQyMjE1Ml5BMl5BanBnXkFtZTgwMTI5MDMyMTI@._V1_SY1000_CR0,James Mitchum in The Victors (1963),1963,22,child
