name,imdb_id,byear,image,rect,height width,url,pic_description,picyear, age, kinship
Cher,nm0000333,1946,nm0000333_3.jpg,200 87 223 115,420 304,https://images-na.ssl-images-amazon.com/images/M/MV5BMTk1Nzg1NDg1OF5BMl5BanBnXkFtZTYwMjIzNzM2._V1_.jpg,"Sonny and Cher Comedy Hour Sonny and Cher performing the ""King and I"" sketch circa 1972",1972,26,parent
Chaz_Bono,nm0095106,1969,nm0095106_2.jpg,462 318 505 361,686 1024,https://images-na.ssl-images-amazon.com/images/M/MV5BMjI4NTYyNTA0OV5BMl5BanBnXkFtZTcwODYyMTUzNA@@._V1_.jpg,Fenton Bailey  Randy Barbato  and Chaz Bono in Becoming Chaz (2011),2011,42,child
Chaz_Bono,nm0095106,1969,nm0095106_4.jpg,388 54 428 94,452 640,https://images-na.ssl-images-amazon.com/images/M/MV5BMjEwNjkyNTg0OV5BMl5BanBnXkFtZTcwOTc1NDg1Ng@@._V1_.jpg,Chaz Bono and Lacey Schwimmer in Dancing with the Stars (2005),2005,36,child
Chaz_Bono,nm0095106,1969,nm0095106_11.jpg,196 58 246 108,433 640,https://images-na.ssl-images-amazon.com/images/M/MV5BMjIzOTA5MTM3OF5BMl5BanBnXkFtZTcwNzc1NDg1Ng@@._V1_.jpg,Chaz Bono and Lacey Schwimmer in Dancing with the Stars (2005),2005,36,child
Chaz_Bono,nm0095106,1969,nm0095106_14.jpg,337 246 394 303,768 738,https://images-na.ssl-images-amazon.com/images/M/MV5BMTk3NTYyNjQ4MV5BMl5BanBnXkFtZTcwNzYyMTUzNA@@._V1_.jpg,Fenton Bailey  Randy Barbato  and Chaz Bono in Becoming Chaz (2011),2011,42,child
Chaz_Bono,nm0095106,1969,nm0095106_17.jpg,250 196 516 462,902 600,https://images-na.ssl-images-amazon.com/images/M/MV5BMjM3NzQ3Nzk1Nl5BMl5BanBnXkFtZTgwNzE0NjU4MTE@._V1_.jpg,Chaz Bono Headshot  May 2014,2014,45,child
Chaz_Bono,nm0095106,1969,nm0095106_18.jpg,87 107 217 237,400 289,https://images-na.ssl-images-amazon.com/images/M/MV5BMTA0MDI2NDkxNjdeQTJeQWpwZ15BbWU3MDQwMDMwMTQ@._V1_.jpg,Chaz Bono at an event for Noches de encanto (2010),2010,41,child
Chaz_Bono,nm0095106,1969,nm0095106_20.jpg,133 57 179 103,451 640,https://images-na.ssl-images-amazon.com/images/M/MV5BNDgwMDI0ODY2OF5BMl5BanBnXkFtZTcwNjk1NDg1Ng@@._V1_.jpg,Chaz Bono and Lacey Schwimmer in Dancing with the Stars (2005),2005,36,child
Chaz_Bono,nm0095106,1969,nm0095106_21.jpg,241 81 289 129,640 427,https://images-na.ssl-images-amazon.com/images/M/MV5BMTAxMTU0OTc4MzVeQTJeQWpwZ15BbWU3MDcwNjQ4NTY@._V1_.jpg,Chaz Bono and Lacey Schwimmer in Dancing with the Stars (2005),2005,36,child
Chaz_Bono,nm0095106,1969,nm0095106_22.jpg,320 149 519 348,1000 1000,https://images-na.ssl-images-amazon.com/images/M/MV5BMjIxMDc3MjQ1Ml5BMl5BanBnXkFtZTgwOTE2MDIwMDI@._V1_SY1000_SX1000_AL_.jpg,Down the Road by Lee Blessing  The Lounge Theater 2015,2015,46,child
