name,imdb_id,byear,image,rect,height width,url,pic_description,picyear, age, kinship
Christopher_Plummer,nm0001626,1929,nm0001626_4.jpg,90 163 150 229,450 347,https://images-na.ssl-images-amazon.com/images/M/MV5BMTE5OTcyNzkwNF5BMl5BanBnXkFtZTYwNTIzODM2._V1_.jpg,The Sound of Music Julie Andrews and Christopher Plummer 1965 20th,1965,36,parent
Amanda_Plummer,nm0001625,1957,nm0001625_3.jpg,487 91 618 242,664 736,https://images-na.ssl-images-amazon.com/images/M/MV5BMTU3NDcyODE5M15BMl5BanBnXkFtZTgwMDQ2NDg3MDE@._V1_.jpg,Diane Lane and Amanda Plummer in Cattle Annie and Little Britches (1981),1981,24,child
Amanda_Plummer,nm0001625,1957,nm0001625_4.jpg,142 115 187 170,400 273,https://images-na.ssl-images-amazon.com/images/M/MV5BMTMyNzU0MTMzMl5BMl5BanBnXkFtZTcwMjUyMDY5Mg@@._V1_.jpg,Terry Gilliam and Amanda Plummer at an event for El imaginario mundo del Doctor Parnassus (2009),2009,52,child
Amanda_Plummer,nm0001625,1957,nm0001625_5.jpg,181 455 277 588,963 1388,https://images-na.ssl-images-amazon.com/images/M/MV5BMTg5ODA4MjgwOV5BMl5BanBnXkFtZTcwMzMxNDEwNg@@._V1_.jpg,amanda plummer 2003,2003,46,child
