name,imdb_id,byear,image,rect,height width,url,pic_description,picyear, age, kinship
Aaron_Spelling,nm0005455,1923,nm0005455_5.jpg,160 85 387 340,411 564,https://images-na.ssl-images-amazon.com/images/M/MV5BZjUyZDRhYTktZjliMy00NDgzLThiOTItMTQzNDhlZTBkZDkwXkEyXkFqcGdeQXVyMzk3NTUwOQ@@._V1_.jpg,Aaron Spelling in Vicki (1953),1953,30,parent
Randy_Spelling,nm0005456,1978,nm0005456_1.jpg,305 105 351 161,400 575,https://images-na.ssl-images-amazon.com/images/M/MV5BMTIxMjcwODcyNF5BMl5BanBnXkFtZTYwNDE1NTYz._V1_.jpg,Aaron Spelling and Randy Spelling at an event for Las aventuras de Rocky y Bullwinkle (2000),2000,22,child
Randy_Spelling,nm0005456,1978,nm0005456_3.jpg,189 58 262 147,339 450,https://images-na.ssl-images-amazon.com/images/M/MV5BMTY1NjQwNjc4NF5BMl5BanBnXkFtZTcwMzIxMTczMQ@@._V1_.jpg,"Randy Spelling in the role of Harlan Woodriff in the film ""Hot Tamale"" 2006 directed by Michael Damian. ",2006,28,child
Randy_Spelling,nm0005456,1978,nm0005456_5.jpg,85 59 117 99,400 257,https://images-na.ssl-images-amazon.com/images/M/MV5BMTg0OTA0OTY3NF5BMl5BanBnXkFtZTYwMzQ4OTg1._V1_.jpg,Tori Spelling and Randy Spelling at an event for Patrulla juvenil (1999),1999,21,child
Randy_Spelling,nm0005456,1978,nm0005456_6.jpg,123 42 170 99,400 266,https://images-na.ssl-images-amazon.com/images/M/MV5BMTQzMzAwMDk1N15BMl5BanBnXkFtZTYwMTIyNDE2._V1_.jpg,Randy Spelling at an event for Scarface: The World Is Yours (2006),2006,28,child
Randy_Spelling,nm0005456,1978,nm0005456_7.jpg,96 76 145 137,400 266,https://images-na.ssl-images-amazon.com/images/M/MV5BMTY1MTA2MDIyNF5BMl5BanBnXkFtZTYwNDA1NTYz._V1_.jpg,Randy Spelling at an event for Las aventuras de Rocky y Bullwinkle (2000),2000,22,child
Randy_Spelling,nm0005456,1978,nm0005456_8.jpg,119 68 159 121,400 275,https://images-na.ssl-images-amazon.com/images/M/MV5BMTQwNjIxMzc0Nl5BMl5BanBnXkFtZTYwMDE1NTYz._V1_.jpg,Randy Spelling at an event for Las aventuras de Rocky y Bullwinkle (2000),2000,22,child
Randy_Spelling,nm0005456,1978,nm0005456_9.jpg,124 71 171 126,400 266,https://images-na.ssl-images-amazon.com/images/M/MV5BMTIzNDk3NzI4NF5BMl5BanBnXkFtZTYwMTM1NTYz._V1_.jpg,Randy Spelling at an event for Las aventuras de Rocky y Bullwinkle (2000),2000,22,child
Randy_Spelling,nm0005456,1978,nm0005456_10.jpg,97 108 226 261,400 302,https://images-na.ssl-images-amazon.com/images/M/MV5BMTQ1NzgyMTM1OF5BMl5BanBnXkFtZTYwNDIyNDE2._V1_.jpg,Randy Spelling at an event for Scarface: The World Is Yours (2006),2006,28,child
