name,imdb_id,byear,image,rect,height width,url,pic_description,picyear, age, kinship
Ozzie_Nelson,nm0625651,1906,nm0625651_1.jpg,695 83 751 146,760 956,https://images-na.ssl-images-amazon.com/images/M/MV5BN2UxYWQyMmYtZGY1ZS00YTEwLTg4ZDctYzU2NmFiZTA2MzhhXkEyXkFqcGdeQXVyMjU4NzU2OTA@._V1_.jpg,Byron Foulger  Harriet Nelson  Kathleen Howard  Charles Judels  Ruby Keeler  Ozzie Nelson  and Gordon Oliver in Sweetheart of the Campus (1941),1941,35,parent
David_Nelson,nm0625291,1936,nm0625291_1.jpg,367 201 598 455,1000 815,https://images-na.ssl-images-amazon.com/images/M/MV5BY2ZhODI1NTItMjM3ZS00YWYxLWIyZjMtZTgyNzZlZGIwZDlmXkEyXkFqcGdeQXVyMzAwOTU1MTk@._V1_SY1000_CR0,Margia Dean and David Nelson in The Big Show (1961),1961,25,child
David_Nelson,nm0625291,1936,nm0625291_2.jpg,95 137 234 291,400 310,https://images-na.ssl-images-amazon.com/images/M/MV5BMjA5MzY1MzY4Ml5BMl5BanBnXkFtZTcwNTMxNTIzNA@@._V1_.jpg,David Nelson 51st Annual Boomtown Party Century Plaza Hotel Century City  California United States May 15  2004 To license this image (2730688)  contact WireImage.com,2730688,2728752,child
David_Nelson,nm0625291,1936,nm0625291_5.jpg,287 169 355 246,485 500,https://images-na.ssl-images-amazon.com/images/M/MV5BNTAzMDc2MDY0NF5BMl5BanBnXkFtZTcwNDMxNTIzNA@@._V1_.jpg,Ricky Nelson and his brother David circa 1960,1960,24,child
David_Nelson,nm0625291,1936,nm0625291_11.jpg,70 96 96 124,450 293,https://images-na.ssl-images-amazon.com/images/M/MV5BMTIzMjIyODAxOF5BMl5BanBnXkFtZTYwMjU3NTQ2._V1_.jpg,Adventures of Ozzie and Harriet  The O. Nelson  H. Nelson  R. Nelson  D. Nelson C. 1959 ABC,1959,23,child
David_Nelson,nm0625291,1936,nm0625291_14.jpg,280 116 363 208,500 392,https://images-na.ssl-images-amazon.com/images/M/MV5BMTA3MTMyNjU1NTNeQTJeQWpwZ15BbWU3MDE0MTUyMzQ@._V1_.jpg,The Adventures of Ozzie & Harriet Ricky Nelson  Ozzie Nelson  David Nelson  Harriet Hilliard circa 1957,1957,21,child
David_Nelson,nm0625291,1936,nm0625291_16.jpg,230 87 281 144,500 500,https://images-na.ssl-images-amazon.com/images/M/MV5BMTcwNjQ4Njc4OV5BMl5BanBnXkFtZTcwODEzNTIzNA@@._V1_.jpg,Ricky and David Nelson circa 1960,1960,24,child
David_Nelson,nm0625291,1936,nm0625291_19.jpg,175 189 248 276,500 351,https://images-na.ssl-images-amazon.com/images/M/MV5BNDE0Mjg2MDEwMF5BMl5BanBnXkFtZTcwOTEzNTIzNA@@._V1_.jpg,Ricky and David Nelson circa 1960,1960,24,child
David_Nelson,nm0625291,1936,nm0625291_20.jpg,221 133 241 154,450 330,https://images-na.ssl-images-amazon.com/images/M/MV5BMTU5NTYxMzUyMF5BMl5BanBnXkFtZTYwMTU3NTQ2._V1_.jpg,Adventures of Ozzie & Harriet  The D. Nelson  O. Nelson  H. Nelson  R. Nelson 1964 ABC,1964,28,child
David_Nelson,nm0625291,1936,nm0625291_21.jpg,229 137 262 173,500 392,https://images-na.ssl-images-amazon.com/images/M/MV5BMTg5MTI1NjMyN15BMl5BanBnXkFtZTcwMjQxNTIzNA@@._V1_.jpg,The Adventures of Ozzie & Harriet Ozzie Nelson  Harriet Hilliard  David Nelson  Ricky Nelson circa 1959,1959,23,child
David_Nelson,nm0625291,1936,nm0625291_25.jpg,205 277 282 363,500 396,https://images-na.ssl-images-amazon.com/images/M/MV5BMTMyODUyNTUwNV5BMl5BanBnXkFtZTcwNTQxNTIzNA@@._V1_.jpg,The Adventures of Ozzie & Harriet David Nelson  Ricky Nelson circa 1957,1957,21,child
David_Nelson,nm0625291,1936,nm0625291_26.jpg,36 145 78 190,411 500,https://images-na.ssl-images-amazon.com/images/M/MV5BMzYzMTYyODk1NF5BMl5BanBnXkFtZTcwMzQxNTIzNA@@._V1_.jpg,The Adventures of Ozzie & Harriet David Nelson  Ozzie Nelson  Harriet Hilliard  Ricky Nelson circa 1957,1957,21,child
David_Nelson,nm0625291,1936,nm0625291_32.jpg,124 114 203 204,500 402,https://images-na.ssl-images-amazon.com/images/M/MV5BODkyOTM0MDU2M15BMl5BanBnXkFtZTcwNzMxNTIzNA@@._V1_.jpg,The Adventures of Ozzie & Harriet David Nelson  Ricky Nelson circa 1957,1957,21,child
