name,imdb_id,byear,image,rect,height width,url,pic_description,picyear, age, kinship
Olivia_Hussey,nm0001377,1951,nm0001377_2.jpg,205 301 319 453,1000 1231,https://images-na.ssl-images-amazon.com/images/M/MV5BMTgxNjM1NDg2NV5BMl5BanBnXkFtZTcwODA5MDkwOA@@._V1_SY1000_CR0,Mia Farrow  Olivia Hussey  and Jon Finch in Muerte en el Nilo (1978),1978,27,parent
Olivia_Hussey,nm0001377,1951,nm0001377_4.jpg,459 159 543 257,694 1280,https://images-na.ssl-images-amazon.com/images/M/MV5BYTRiNTJiNjEtNjU3YS00NzdmLWIzMTYtMTc1YjdlOGYwYmEwXkEyXkFqcGdeQXVyMTI3MDk3MzQ@._V1_.jpg,Bette Davis  Olivia Hussey  George Kennedy  Maggie Smith  Jon Finch  and Jack Warden in Muerte en el Nilo (1978),1978,27,parent
Olivia_Hussey,nm0001377,1951,nm0001377_6.jpg,186 94 285 223,480 640,https://images-na.ssl-images-amazon.com/images/M/MV5BNDVlYWQ0Y2YtYTFjOC00MDMyLTg0Y2UtZDZiNTM0ODBlNjRlL2ltYWdlXkEyXkFqcGdeQXVyMTEzNzczMA@@._V1_.jpg,Olivia Hussey and Ryan Finnegan in Psicosis IV: El comienzo (1990),1990,39,parent
Olivia_Hussey,nm0001377,1951,nm0001377_8.jpg,798 156 881 245,1000 1321,https://images-na.ssl-images-amazon.com/images/M/MV5BMTM1MzM2OTY2OF5BMl5BanBnXkFtZTcwNzI3MDkzNw@@._V1_SY1000_CR0,Olivia Hussey and Leonard Whiting in Romeo y Julieta (1968),1968,17,parent
Olivia_Hussey,nm0001377,1951,nm0001377_11.jpg,438 232 522 326,999 1236,https://images-na.ssl-images-amazon.com/images/M/MV5BMTQ0NTA3NDI3NF5BMl5BanBnXkFtZTgwOTQxNzIwMjE@._V1_SX1236_CR0,Mia Farrow  Olivia Hussey  and Maggie Smith in Muerte en el Nilo (1978),1978,27,parent
Olivia_Hussey,nm0001377,1951,nm0001377_12.jpg,209 139 276 233,480 640,https://images-na.ssl-images-amazon.com/images/M/MV5BZDg5NTA1NzUtZWIyNS00M2I3LWFjZmEtNTlmMDdhNjExYjg5L2ltYWdlXkEyXkFqcGdeQXVyMTEzNzczMA@@._V1_.jpg,Olivia Hussey in Psicosis IV: El comienzo (1990),1990,39,parent
Olivia_Hussey,nm0001377,1951,nm0001377_14.jpg,320 386 357 424,1000 1193,https://images-na.ssl-images-amazon.com/images/M/MV5BZmQ0OWQwMGEtMjNlMi00ODk4LWE5ZjktZjIwY2YyZmI0NmIzXkEyXkFqcGdeQXVyMzAwOTU1MTk@._V1_SY1000_CR0,Bette Davis  David Niven  Jane Birkin  Lois Chiles  Mia Farrow  Olivia Hussey  George Kennedy  Angela Lansbury  Maggie Smith  Peter Ustinov  Jon Finch  I.S. Johar  Simon MacCorkindale  and Jack Warden in Muerte en el Nilo (1978),1978,27,parent
Olivia_Hussey,nm0001377,1951,nm0001377_15.jpg,640 231 931 528,965 1150,https://images-na.ssl-images-amazon.com/images/M/MV5BZmQ3YTM5ZGEtMTQ4My00ZjViLThkZWYtNWU5MzQyNDFiNDBjL2ltYWdlL2ltYWdlXkEyXkFqcGdeQXVyNTk5NzQ5Ng@@._V1_.jpg,Olivia Hussey in Un verano para matar (1972),1972,21,parent
Olivia_Hussey,nm0001377,1951,nm0001377_17.jpg,542 192 608 344,694 1280,https://images-na.ssl-images-amazon.com/images/M/MV5BMmNkMTIwOWMtZjIzNS00YzQ1LWE2M2EtOTQ5ZDVmOWY0ZDIxXkEyXkFqcGdeQXVyMTI3MDk3MzQ@._V1_.jpg,Olivia Hussey  Angela Lansbury  and Peter Ustinov in Muerte en el Nilo (1978),1978,27,parent
Olivia_Hussey,nm0001377,1951,nm0001377_18.jpg,364 448 411 495,1000 1494,https://images-na.ssl-images-amazon.com/images/M/MV5BOTU1ODM0MTgyMV5BMl5BanBnXkFtZTgwNDUxNzIwMjE@._V1_SY1000_CR0,Bette Davis  David Niven  Jane Birkin  Lois Chiles  Mia Farrow  Olivia Hussey  George Kennedy  Angela Lansbury  Maggie Smith  Peter Ustinov  Jon Finch  I.S. Johar  Simon MacCorkindale  and Jack Warden in Muerte en el Nilo (1978),1978,27,parent
Olivia_Hussey,nm0001377,1951,nm0001377_20.jpg,217 127 328 268,480 640,https://images-na.ssl-images-amazon.com/images/M/MV5BN2RmM2U5NTktMzllMC00MzRiLWJmZWEtYjUxMzgwMjM5ZjQyL2ltYWdlXkEyXkFqcGdeQXVyMTEzNzczMA@@._V1_.jpg,Olivia Hussey in Psicosis IV: El comienzo (1990),1990,39,parent
Olivia_Hussey,nm0001377,1951,nm0001377_21.jpg,300 311 653 674,1000 823,https://images-na.ssl-images-amazon.com/images/M/MV5BMjE5ODQ3MDE4M15BMl5BanBnXkFtZTcwNjI3MDkzNw@@._V1_SY1000_CR0,Olivia Hussey in Romeo y Julieta (1968),1968,17,parent
Olivia_Hussey,nm0001377,1951,nm0001377_22.jpg,645 264 769 388,1000 1485,https://images-na.ssl-images-amazon.com/images/M/MV5BMTUwMTczMjQ2M15BMl5BanBnXkFtZTgwMTUxNzIwMjE@._V1_SY1000_CR0,Mia Farrow and Olivia Hussey in Muerte en el Nilo (1978),1978,27,parent
Olivia_Hussey,nm0001377,1951,nm0001377_23.jpg,435 336 619 590,1000 1352,https://images-na.ssl-images-amazon.com/images/M/MV5BMjAxMTgyNzI0MV5BMl5BanBnXkFtZTcwMzI3MDkzNw@@._V1_SY1000_CR0,Olivia Hussey and Leonard Whiting in Romeo y Julieta (1968),1968,17,parent
Olivia_Hussey,nm0001377,1951,nm0001377_24.jpg,234 122 463 402,480 640,https://images-na.ssl-images-amazon.com/images/M/MV5BMTgyZjY5NjktZTA1MS00ZGU3LTg1NzgtZTA4MDdhMWExMjJlL2ltYWdlXkEyXkFqcGdeQXVyMTEzNzczMA@@._V1_.jpg,Olivia Hussey and Henry Thomas in Psicosis IV: El comienzo (1990),1990,39,parent
Olivia_Hussey,nm0001377,1951,nm0001377_25.jpg,255 131 368 287,480 640,https://images-na.ssl-images-amazon.com/images/M/MV5BM2QwMjY4MGEtYTM5OC00OTEyLThjODUtOWIyMzdlOTI4OTZjL2ltYWdlXkEyXkFqcGdeQXVyMTEzNzczMA@@._V1_.jpg,Olivia Hussey in Psicosis IV: El comienzo (1990),1990,39,parent
Olivia_Hussey,nm0001377,1951,nm0001377_26.jpg,560 134 666 267,694 1280,https://images-na.ssl-images-amazon.com/images/M/MV5BZGE3MDRlNGQtNmM3ZC00YWU1LTgyNzEtMGIyZTdiOGQ3MjA0XkEyXkFqcGdeQXVyMTI3MDk3MzQ@._V1_.jpg,Mia Farrow and Olivia Hussey in Muerte en el Nilo (1978),1978,27,parent
India_Eisley,nm8407111,1993,nm8407111_4.jpg,582 540 851 790,999 1777,https://images-na.ssl-images-amazon.com/images/M/MV5BMTY0ODEzMjYzOF5BMl5BanBnXkFtZTgwNjg4NTQ2NTE@._V1_SX1777_CR0,India Eisley and Rollo Skinner in Social Suicide (2015),2015,22,child
