name,imdb_id,byear,image,rect,height width,url,pic_description,picyear, age, kinship
Lauren_Bacall,nm0000002,1924,nm0000002_1.jpg,360 266 533 472,1000 1264,https://images-na.ssl-images-amazon.com/images/M/MV5BZWYwZTM0ZTktNWUxYS00MTRhLWJkOTktZjA1ZTg2NTcyNjM3XkEyXkFqcGdeQXVyMzAwOTU1MTk@._V1_SY1000_CR0,Lauren Bacall and Cornel Wilde in Woman's World (1954),1954,30,parent
Lauren_Bacall,nm0000002,1924,nm0000002_4.jpg,164 299 197 337,657 603,https://images-na.ssl-images-amazon.com/images/M/MV5BNGE4OWU5MDItMjk3YS00NjYxLTg0ZTktOTA2MGIzZDhiYWVhL2ltYWdlL2ltYWdlXkEyXkFqcGdeQXVyMDMxMjQwMw@@._V1_.jpg,Lauren Bacall and Gregory Peck at an event for Designios de mujer (1957),1957,33,parent
Lauren_Bacall,nm0000002,1924,nm0000002_7.jpg,276 104 323 142,1000 394,https://images-na.ssl-images-amazon.com/images/M/MV5BMjI0MjY1MjQ5NV5BMl5BanBnXkFtZTgwNjU5NTY5MjE@._V1_SY1000_CR0,Lauren Bacall and Humphrey Bogart in La senda tenebrosa (1947),1947,23,parent
Lauren_Bacall,nm0000002,1924,nm0000002_12.jpg,387 115 456 190,499 770,https://images-na.ssl-images-amazon.com/images/M/MV5BMjcxMjY0ZTEtZGY1ZC00OTk1LWEwYWQtODQ5M2M0OThkN2MxXkEyXkFqcGdeQXVyMDMxMjQwMw@@._V1_.jpg,Lauren Bacall and John Wayne in Blood Alley (1955),1955,31,parent
Sam_Robards,nm0730168,1961,nm0730168_1.jpg,813 150 897 304,1000 1502,https://images-na.ssl-images-amazon.com/images/M/MV5BMTk0MjU2MzY3NF5BMl5BanBnXkFtZTcwMzY3MjM4NA@@._V1_SY1000_CR0,Julianna Margulies  Josh Charles  and Sam Robards in The Good Wife (2009),2009,48,child
Sam_Robards,nm0730168,1961,nm0730168_2.jpg,614 73 676 151,666 1000,https://images-na.ssl-images-amazon.com/images/M/MV5BMTQxNTYzMjAwM15BMl5BanBnXkFtZTcwMDUxODU1OQ@@._V1_.jpg,Sam Robards  Avan Jogia  and Maddie Hasson in Twisted (2013),2013,52,child
Sam_Robards,nm0730168,1961,nm0730168_3.jpg,194 130 258 221,666 1000,https://images-na.ssl-images-amazon.com/images/M/MV5BMTg1NjY4MDM5MV5BMl5BanBnXkFtZTcwOTMxODU1OQ@@._V1_.jpg,Sam Robards  Avan Jogia  and Maddie Hasson in Twisted (2013),2013,52,child
Sam_Robards,nm0730168,1961,nm0730168_4.jpg,423 171 473 284,1000 1502,https://images-na.ssl-images-amazon.com/images/M/MV5BOTYxMTY2ODc3NV5BMl5BanBnXkFtZTcwNTU3MjM4NA@@._V1_SY1000_CR0,Gaby Hoffmann  Josh Charles  and Sam Robards in The Good Wife (2009),2009,48,child
Sam_Robards,nm0730168,1961,nm0730168_5.jpg,229 257 490 573,1000 748,https://images-na.ssl-images-amazon.com/images/M/MV5BMTUyNjg3MzgwN15BMl5BanBnXkFtZTcwODU2NjA2NQ@@._V1_SY1000_CR0,Sam Robards at an event for The Art of Getting By (2011),2011,50,child
Sam_Robards,nm0730168,1961,nm0730168_6.jpg,82 101 179 220,498 475,https://images-na.ssl-images-amazon.com/images/M/MV5BMjA2MjU0ODkzMV5BMl5BanBnXkFtZTYwNjk5NTc3._V1_.jpg,Sam Robards in Donor Unknown (1995),1995,34,child
Sam_Robards,nm0730168,1961,nm0730168_7.jpg,838 225 890 334,1000 1502,https://images-na.ssl-images-amazon.com/images/M/MV5BMjE1MDg3Mzk1N15BMl5BanBnXkFtZTcwMDc3MjM4NA@@._V1_SY1000_CR0,Julianna Margulies  Matt Czuchry  Archie Panjabi  and Sam Robards in The Good Wife (2009),2009,48,child
