name,imdb_id,byear,image,rect,height width,url,pic_description,picyear, age, kinship
Sean_Connery,nm0000125,1930,nm0000125_2.jpg,768 117 904 276,912 1565,https://images-na.ssl-images-amazon.com/images/M/MV5BZDAzZGFmNjAtMmFmOC00Y2Q2LWE0YjItNmUyZjYyODZiYTVkXkEyXkFqcGdeQXVyNjUwNzk3NDc@._V1_.jpg,Sean Connery and Ralph Richardson in La mujer de paja (1964),1964,34,parent
Sean_Connery,nm0000125,1930,nm0000125_3.jpg,181 207 321 353,797 1023,https://images-na.ssl-images-amazon.com/images/M/MV5BMTM1ODYwMjQ4M15BMl5BanBnXkFtZTcwOTkzNzQzNA@@._V1_.jpg,Sean Connery and John Kitzmiller in El satánico Dr. No (1962),1962,32,parent
Sean_Connery,nm0000125,1930,nm0000125_4.jpg,212 86 293 168,501 493,https://images-na.ssl-images-amazon.com/images/M/MV5BMzZmZjMzOWYtZGM4OC00ZmJiLWI2NGUtMTg2YjdmODgzY2RlXkEyXkFqcGdeQXVyNjUwNzk3NDc@._V1_.jpg,Sean Connery and Ursula Andress in El satánico Dr. No (1962),1962,32,parent
Jason_Connery,nm2510701,1963,nm2510701_8.jpg,58 194 174 315,500 351,https://images-na.ssl-images-amazon.com/images/M/MV5BMTkyMDMxNDcyM15BMl5BanBnXkFtZTcwOTU5MzcyMQ@@._V1_.jpg,Jason Connery and Francesco Quinn in Casablanca Express (1989),1989,26,child
Jason_Connery,nm2510701,1963,nm2510701_10.jpg,197 81 262 162,236 472,https://images-na.ssl-images-amazon.com/images/M/MV5BMTUzMDBhY2EtODUyZC00MDEyLTgyNDktMWY1MTMyMzBhMDE5L2ltYWdlL2ltYWdlXkEyXkFqcGdeQXVyNjUwNzk3NDc@._V1_.jpg,Jason Connery at an event for Tommy's Honour (2016),2016,53,child
Jason_Connery,nm2510701,1963,nm2510701_14.jpg,373 125 478 235,658 1000,https://images-na.ssl-images-amazon.com/images/M/MV5BNzJhNWEyNjQtNDYzMy00ZTgxLTg3MmUtOTgzYWMyOTYyYjJlXkEyXkFqcGdeQXVyNDUxNjc5NjY@._V1_.jpg,Jason Connery in Nemo (1984),1984,21,child
Jason_Connery,nm2510701,1963,nm2510701_15.jpg,312 114 385 214,973 620,https://images-na.ssl-images-amazon.com/images/M/MV5BYzliMzg5MmQtNWU5Ni00NGJhLWE4ZjYtNzMyZTA0M2JhZjFkL2ltYWdlL2ltYWdlXkEyXkFqcGdeQXVyNjUwNzk3NDc@._V1_.jpg,Jason Connery at an event for Tommy's Honour (2016),2016,53,child
Jason_Connery,nm2510701,1963,nm2510701_18.jpg,134 49 165 85,400 266,https://images-na.ssl-images-amazon.com/images/M/MV5BMTk1ODUwMjYzMV5BMl5BanBnXkFtZTYwNjIyODg1._V1_.jpg,Mia Sara and Jason Connery at an event for Shanghai Kid (2000),2000,37,child
Jason_Connery,nm2510701,1963,nm2510701_21.jpg,559 112 643 203,402 828,https://images-na.ssl-images-amazon.com/images/M/MV5BODFjODlhNzctYjg4Ny00ODkwLWI0NTAtMzNhYjIwY2VkYjY5L2ltYWdlL2ltYWdlXkEyXkFqcGdeQXVyNjUwNzk3NDc@._V1_.jpg,Jason Connery and Jack Lowden at an event for Tommy's Honour (2016),2016,53,child
Jason_Connery,nm2510701,1963,nm2510701_23.jpg,164 26 211 83,180 320,https://images-na.ssl-images-amazon.com/images/M/MV5BNjM1Nzg0OTk0NV5BMl5BanBnXkFtZTYwNDc1ODc3._V1_.jpg,Jason Connery and Gareth Thomas in Merlin (1998),1998,35,child
Jason_Connery,nm2510701,1963,nm2510701_24.jpg,421 87 479 151,524 800,https://images-na.ssl-images-amazon.com/images/M/MV5BNmJkNzIxN2YtMTczYi00ZDRlLTk3M2ItMTczNThkMjFhNTYxL2ltYWdlL2ltYWdlXkEyXkFqcGdeQXVyNjUwNzk3NDc@._V1_.jpg,Jason Connery  Peter Mullan  and Jack Lowden at an event for Tommy's Honour (2016),2016,53,child
Jason_Connery,nm2510701,1963,nm2510701_30.jpg,101 89 181 182,400 283,https://images-na.ssl-images-amazon.com/images/M/MV5BMTUyNTgyNTI4NV5BMl5BanBnXkFtZTYwNDIyODg1._V1_.jpg,Jason Connery at an event for Shanghai Kid (2000),2000,37,child
Jason_Connery,nm2510701,1963,nm2510701_37.jpg,349 79 412 147,355 503,https://images-na.ssl-images-amazon.com/images/M/MV5BNjFhN2Q1YzMtOTQwNS00MWIzLThmNGEtMzA4ZDYwNzllNzNhL2ltYWdlL2ltYWdlXkEyXkFqcGdeQXVyNjUwNzk3NDc@._V1_.jpg,Jason Connery  Peter Mullan  and Jack Lowden at an event for Tommy's Honour (2016),2016,53,child
Jason_Connery,nm2510701,1963,nm2510701_38.jpg,180 106 229 157,400 577,https://images-na.ssl-images-amazon.com/images/M/MV5BMTQ5NDc2ODM4Ml5BMl5BanBnXkFtZTYwOTI0ODI0._V1_.jpg,Sean Connery  Mia Sara  and Jason Connery at an event for Corazones apasionados (1998),1998,35,child
Jason_Connery,nm2510701,1963,nm2510701_39.jpg,79 60 121 108,400 284,https://images-na.ssl-images-amazon.com/images/M/MV5BMTI1OTkzMzI0N15BMl5BanBnXkFtZTYwMzEwODU1._V1_.jpg,Mia Sara and Jason Connery at an event for La emboscada (1999),1999,36,child
Jason_Connery,nm2510701,1963,nm2510701_40.jpg,158 58 188 95,400 269,https://images-na.ssl-images-amazon.com/images/M/MV5BMTQ4NjkyMzg5N15BMl5BanBnXkFtZTYwMjIyODg1._V1_.jpg,Mia Sara and Jason Connery at an event for Shanghai Kid (2000),2000,37,child
Jason_Connery,nm2510701,1963,nm2510701_41.jpg,150 57 181 93,400 270,https://images-na.ssl-images-amazon.com/images/M/MV5BMTUzNzMxNDI2Ml5BMl5BanBnXkFtZTYwMDIyODg1._V1_.jpg,Mia Sara and Jason Connery at an event for Shanghai Kid (2000),2000,37,child
Jason_Connery,nm2510701,1963,nm2510701_42.jpg,99 82 145 139,400 267,https://images-na.ssl-images-amazon.com/images/M/MV5BMTI4MzMzNTAyOF5BMl5BanBnXkFtZTYwNTAwODU1._V1_.jpg,Mia Sara and Jason Connery at an event for La emboscada (1999),1999,36,child
