name,imdb_id,byear,image,rect,height width,url,pic_description,picyear, age, kinship
Frances_Dee,nm0214168,1909,nm0214168_1.jpg,206 265 294 357,999 1256,https://images-na.ssl-images-amazon.com/images/M/MV5BNWEzNWU2OGQtZmIwZi00M2FkLTk2MjgtNDg0OGJlNjk1ZWMzXkEyXkFqcGdeQXVyMjUxODE0MDY@._V1_SX1256_CR0,Katharine Hepburn  Joan Bennett  Frances Dee  and Jean Parker in Mujercitas (1933),1933,24,parent
Frances_Dee,nm0214168,1909,nm0214168_2.jpg,314 605 507 800,1000 1325,https://images-na.ssl-images-amazon.com/images/M/MV5BMTkyNTc5ODAwNF5BMl5BanBnXkFtZTgwNjcyNTQ3MTE@._V1_SY1000_CR0,Katharine Hepburn  Joan Bennett  Frances Dee  and Jean Parker in Mujercitas (1933),1933,24,parent
Frances_Dee,nm0214168,1909,nm0214168_3.jpg,294 51 364 126,319 400,https://images-na.ssl-images-amazon.com/images/M/MV5BZjI3MmJkYTQtMjMwNC00YzQ3LWJlNGYtY2YxNDFiZjEzN2I2XkEyXkFqcGdeQXVyMTcyODY2NDQ@._V1_.jpg,Frances Dee  Phillips Holmes  and Sylvia Sidney in An American Tragedy (1931),1931,22,parent
Frances_Dee,nm0214168,1909,nm0214168_4.jpg,399 96 483 196,666 896,https://images-na.ssl-images-amazon.com/images/M/MV5BOWVmMjNkMTktMjEyNi00MDU5LWE4YTMtMmY4ZTg2NTMxYzNhXkEyXkFqcGdeQXVyMTk2MzI2Ng@@._V1_.jpg,Frances Dee in Yo dormí con un fantasma (1943),1943,34,parent
Frances_Dee,nm0214168,1909,nm0214168_5.jpg,125 202 469 591,1000 684,https://images-na.ssl-images-amazon.com/images/M/MV5BNDk0NjEzNTM5MV5BMl5BanBnXkFtZTgwNjAzMTE4MzE@._V1_SY1000_CR0,Brian Donlevy  Charles Butterworth  and Frances Dee in Half Angel (1936),1936,27,parent
Frances_Dee,nm0214168,1909,nm0214168_6.jpg,217 359 303 447,1000 777,https://images-na.ssl-images-amazon.com/images/M/MV5BNmMxNGEwZGYtODBkMC00MDBhLTkzMjUtNTk2ZWUzZjJjNjk0L2ltYWdlL2ltYWdlXkEyXkFqcGdeQXVyMDI2NDg0NQ@@._V1_SY1000_CR0,Frances Dee in Coming Out Party (1934),1934,25,parent
Frances_Dee,nm0214168,1909,nm0214168_7.jpg,291 133 380 234,540 720,https://images-na.ssl-images-amazon.com/images/M/MV5BZmJkY2Y4MDItZmI5Mi00NzlkLWI0ZWQtNjUwYTg0NDg0MmNmXkEyXkFqcGdeQXVyMTk2MzI2Ng@@._V1_.jpg,Frances Dee in Yo dormí con un fantasma (1943),1943,34,parent
Frances_Dee,nm0214168,1909,nm0214168_8.jpg,108 163 209 276,573 444,https://images-na.ssl-images-amazon.com/images/M/MV5BNzI1MTUxMjctMjBhNy00YjVmLWEzZjMtNDM2YTk1Mzk2NTkxXkEyXkFqcGdeQXVyMTk2MzI2Ng@@._V1_.jpg,Douglas Fairbanks Jr. and Frances Dee in Love Is a Racket (1932),1932,23,parent
Frances_Dee,nm0214168,1909,nm0214168_9.jpg,117 612 146 638,696 450,https://images-na.ssl-images-amazon.com/images/M/MV5BMDE3MmE1ZTMtMDQwNi00NGYzLTllZjktYWYzZjY3ZmMyNzVjL2ltYWdlXkEyXkFqcGdeQXVyMDMxMjQwMw@@._V1_.jpg,William Holden  Margaret Hamilton  Frances Dee  Marjorie Gateson  Anne Revere  and Ralph Sanford in Meet the Stewarts (1942),1942,33,parent
Frances_Dee,nm0214168,1909,nm0214168_10.jpg,289 176 318 210,701 520,https://images-na.ssl-images-amazon.com/images/M/MV5BNzY2YmM2MWUtNDMwOS00ODI1LTg3YmQtZThkOGI1YzJlZmIwL2ltYWdlL2ltYWdlXkEyXkFqcGdeQXVyMjUxODE0MDY@._V1_.jpg,Ronald Colman and Frances Dee in Si yo fuera rey (1938),1938,29,parent
Frances_Dee,nm0214168,1909,nm0214168_11.jpg,69 797 203 944,1000 1155,https://images-na.ssl-images-amazon.com/images/M/MV5BZTM1ZTE0OTctMjIwOS00Nzg4LWE5YTktNDQ5NWYwZWMzNDU3XkEyXkFqcGdeQXVyMDMxMjQwMw@@._V1_SY1000_CR0,Gary Cooper  Frances Dee  and George Raft in Almas en el mar (1937),1937,28,parent
Frances_Dee,nm0214168,1909,nm0214168_12.jpg,400 574 414 588,702 450,https://images-na.ssl-images-amazon.com/images/M/MV5BZGRjMWRjOTEtZWQ4ZC00M2M5LWI4NDAtMDdmZjdkOWI3YmNjXkEyXkFqcGdeQXVyMDMxMjQwMw@@._V1_.jpg,Richard Bennett  Mary Carlisle  Frances Dee  Maude Eburne  Charles 'Buddy' Rogers  Charles Ruggles  Peggy Shannon  and Frances Starr in This Reckless Age (1932),1932,23,parent
Jody_McCrea,nm0566947,1934,nm0566947_1.jpg,296 223 339 275,1000 810,https://images-na.ssl-images-amazon.com/images/M/MV5BMTUyOGI5ZGQtNmQ0Yi00YzBhLWE4NjEtY2FkNTM0ZGI2Mjg5L2ltYWdlL2ltYWdlXkEyXkFqcGdeQXVyOTA4NDY2Mw@@._V1_SY1000_CR0,Jody McCrea and Joel McCrea in The First Texan (1956),1956,22,child
Jody_McCrea,nm0566947,1934,nm0566947_2.jpg,171 307 498 653,1000 819,https://images-na.ssl-images-amazon.com/images/M/MV5BZDQ1ZmI5YjYtMmI4Zi00MmU3LWJmYzMtMjA4NmVkYmZmNGQ0XkEyXkFqcGdeQXVyMzAwOTU1MTk@._V1_SY1000_CR0,Jody McCrea in Pajama Party (1964),1964,30,child
Jody_McCrea,nm0566947,1934,nm0566947_3.jpg,419 110 537 256,1000 1258,https://images-na.ssl-images-amazon.com/images/M/MV5BNzUwOTY5NjQtNDQxZi00OTJhLTg3YzUtNTg5MDZjZWRhOTU1XkEyXkFqcGdeQXVyMzk3NTUwOQ@@._V1_SY1000_CR0,Linda Evans and Jody McCrea in Beach Blanket Bingo (1965),1965,31,child
Jody_McCrea,nm0566947,1934,nm0566947_4.jpg,469 110 529 195,682 930,https://images-na.ssl-images-amazon.com/images/M/MV5BYjFiMGRhNzctMzAxOS00ZmJjLTg3ZWItNGMyNzBkYjE3NWU1XkEyXkFqcGdeQXVyMzI5NDcxNzI@._V1_.jpg,Mickey Rooney  John Ashley  Dwayne Hickman  and Jody McCrea in How to Stuff a Wild Bikini (1965),1965,31,child
Jody_McCrea,nm0566947,1934,nm0566947_5.jpg,360 223 585 490,1000 809,https://images-na.ssl-images-amazon.com/images/M/MV5BNmMwNjY3Y2UtYjBkZS00OTVhLWI5OWMtYjhmNDFhMzI4NzU1XkEyXkFqcGdeQXVyMzk3NTUwOQ@@._V1_SY1000_CR0,Jody McCrea in Beach Party (1963),1963,29,child
Jody_McCrea,nm0566947,1934,nm0566947_6.jpg,88 84 174 185,701 950,https://images-na.ssl-images-amazon.com/images/M/MV5BYzRhNDY1MjMtNDg0OC00NGIzLThjODItYTA4NWVlNDZlYWJlXkEyXkFqcGdeQXVyMzI5NDcxNzI@._V1_.jpg,Frankie Avalon  Annette Funicello  John Ashley  Dick Dale  and Jody McCrea in Muscle Beach Party (1964),1964,30,child
