name,imdb_id,byear,image,rect,height width,url,pic_description,picyear, age, kinship
Rebecca_Broussard,nm0112779,1963,nm0112779_5.jpg,364 311 430 396,1000 666,https://images-na.ssl-images-amazon.com/images/M/MV5BMjA1OTIyNDY1MF5BMl5BanBnXkFtZTgwMDY4NjY2MDI@._V1_SY1000_CR0,Jack Nicholson and Rebecca Broussard at an event for The 65th Annual Academy Awards (1993),1993,30,parent
Lorraine_Nicholson,nm1574234,1990,nm1574234_2.jpg,111 283 514 684,1000 684,https://images-na.ssl-images-amazon.com/images/M/MV5BMzAwMDk2MTUyOF5BMl5BanBnXkFtZTcwNzI3MDQ4NA@@._V1_SY1000_CR0,Lorraine Nicholson at an event for Desafío sobre olas (2011),2011,21,child
Lorraine_Nicholson,nm1574234,1990,nm1574234_9.jpg,169 152 248 236,1000 602,https://images-na.ssl-images-amazon.com/images/M/MV5BMTA4NjMxOTQ1NzVeQTJeQWpwZ15BbWU3MDcxNzA0ODQ@._V1_SY1000_CR0,Dennis Quaid and Lorraine Nicholson at an event for Desafío sobre olas (2011),2011,21,child
Lorraine_Nicholson,nm1574234,1990,nm1574234_11.jpg,283 125 556 450,500 750,https://images-na.ssl-images-amazon.com/images/M/MV5BMTgwNDI5NDM4N15BMl5BanBnXkFtZTgwNjM4NDExMzE@._V1_.jpg,Lorraine Nicholson in Room 105 (2016),2016,26,child
Lorraine_Nicholson,nm1574234,1990,nm1574234_15.jpg,961 495 1202 762,999 1500,https://images-na.ssl-images-amazon.com/images/M/MV5BNDI3MzM0MjMwOV5BMl5BanBnXkFtZTcwOTA4MjE3NA@@._V1_SX1500_CR0,Kevin Sorbo and Lorraine Nicholson in Desafío sobre olas (2011),2011,21,child
Lorraine_Nicholson,nm1574234,1990,nm1574234_16.jpg,373 106 453 192,1000 667,https://images-na.ssl-images-amazon.com/images/M/MV5BMjA5NzcxNjY0MV5BMl5BanBnXkFtZTcwMjA5NzU4NA@@._V1_SY1000_CR0,AnnaSophia Robb and Lorraine Nicholson at an event for Nickelodeon's Kids Choice Awards 2011 (2011),2011,21,child
Lorraine_Nicholson,nm1574234,1990,nm1574234_17.jpg,177 298 583 750,1000 712,https://images-na.ssl-images-amazon.com/images/M/MV5BNzk3NzY5MDk3MV5BMl5BanBnXkFtZTcwODc2MDQ4NA@@._V1_SY1000_CR0,Lorraine Nicholson at an event for Desafío sobre olas (2011),2011,21,child
Lorraine_Nicholson,nm1574234,1990,nm1574234_21.jpg,488 272 647 474,999 1500,https://images-na.ssl-images-amazon.com/images/M/MV5BMjExOTE1OTUzOF5BMl5BanBnXkFtZTcwNDA4MjE3NA@@._V1_SX1500_CR0,Lorraine Nicholson in Desafío sobre olas (2011),2011,21,child
