name,imdb_id,byear,image,rect,height width,url,pic_description,picyear, age, kinship
Peter_Lawford,nm0492444,1923,nm0492444_1.jpg,99 222 150 282,1000 801,https://images-na.ssl-images-amazon.com/images/M/MV5BMjA4NjA4MjQ4MV5BMl5BanBnXkFtZTcwNTUyMTMyNw@@._V1_SY1000_CR0,Fred Astaire  Jane Powell  Sarah Churchill  and Peter Lawford in Boda real (1951),1951,28,parent
Peter_Lawford,nm0492444,1923,nm0492444_2.jpg,822 174 876 252,784 1041,https://images-na.ssl-images-amazon.com/images/M/MV5BMmY2Y2E4YjktZThlYy00ZTFkLWEwZmMtMzRlZWI2ZGMxMzI3L2ltYWdlL2ltYWdlXkEyXkFqcGdeQXVyMjUxODE0MDY@._V1_.jpg,Elizabeth Taylor  June Allyson  Janet Leigh  Peter Lawford  and Margaret O'Brien in Mujercitas (1949),1949,26,parent
Peter_Lawford,nm0492444,1923,nm0492444_4.jpg,281 289 311 324,500 344,https://images-na.ssl-images-amazon.com/images/M/MV5BMjI1NzQ5ODI4OV5BMl5BanBnXkFtZTcwMjk4MDU0Mw@@._V1_.jpg,Frank Sinatra  Dean Martin  Sammy Davis Jr.  and Peter Lawford in Once a la medianoche (1960),1960,37,parent
Peter_Lawford,nm0492444,1923,nm0492444_5.jpg,839 294 923 424,1000 1263,https://images-na.ssl-images-amazon.com/images/M/MV5BNzRiYmVhZTYtNDZhNi00YjllLTk0Y2QtNDlhNWM2OWFjZDEwXkEyXkFqcGdeQXVyMzAwOTU1MTk@._V1_SY1000_CR0,Janet Leigh  Richard Anderson  and Peter Lawford in Just This Once (1952),1952,29,parent
Peter_Lawford,nm0492444,1923,nm0492444_6.jpg,126 158 222 271,1000 1276,https://images-na.ssl-images-amazon.com/images/M/MV5BNDQ4NjM0NTgxM15BMl5BanBnXkFtZTgwMjY0NDMwMjE@._V1_SY1000_CR0,Frank Sinatra  Dean Martin  Sammy Davis Jr.  and Peter Lawford in Once a la medianoche (1960),1960,37,parent
Peter_Lawford,nm0492444,1923,nm0492444_7.jpg,253 38 288 86,300 400,https://images-na.ssl-images-amazon.com/images/M/MV5BYjU0OGJjN2ItYmE5Yi00YTkyLWEzZDYtZGY0NGVjMGM1ZTI5XkEyXkFqcGdeQXVyMTk2MzI2Ng@@._V1_.jpg,Charles Boyer and Peter Lawford in El pecado de Cluny Brown (1946),1946,23,parent
Peter_Lawford,nm0492444,1923,nm0492444_8.jpg,363 118 386 153,332 500,https://images-na.ssl-images-amazon.com/images/M/MV5BMjI5MTUyMzc1NF5BMl5BanBnXkFtZTcwNTI3MzQ2NQ@@._V1_.jpg,Jack Entratter (back to camera)  Frank Sinatra and Peter Lawford at Sammy Davis Jr.'s wedding to May Britt 11-13-1960,1960,37,parent
Peter_Lawford,nm0492444,1923,nm0492444_9.jpg,144 209 175 248,475 263,https://images-na.ssl-images-amazon.com/images/M/MV5BMTYxMDU2NzMxMV5BMl5BanBnXkFtZTcwMjkxNzIyMQ@@._V1_.jpg,June Allyson and Peter Lawford in ¡Viva el amor! (1947),1947,24,parent
Peter_Lawford,nm0492444,1923,nm0492444_10.jpg,333 86 362 132,457 620,https://images-na.ssl-images-amazon.com/images/M/MV5BODAxN2Y3MWQtNTlkNC00Y2IzLTg5OTgtMjllNzQwMmFlNGVhXkEyXkFqcGdeQXVyMTk2MzI2Ng@@._V1_.jpg,Charles Boyer  Michael Dyne  Peter Lawford  and Helen Walker in El pecado de Cluny Brown (1946),1946,23,parent
Peter_Lawford,nm0492444,1923,nm0492444_11.jpg,349 286 429 373,1000 647,https://images-na.ssl-images-amazon.com/images/M/MV5BOGY5NzViNGMtZTc2Ni00Nzc4LWE4NmYtMDUwM2FjYTJlZjFmL2ltYWdlL2ltYWdlXkEyXkFqcGdeQXVyMDMxMjQwMw@@._V1_SY1000_CR0,Peter Lawford and Janice Rule in Rogue's March (1953),1953,30,parent
Peter_Lawford,nm0492444,1923,nm0492444_12.jpg,291 85 324 122,512 660,https://images-na.ssl-images-amazon.com/images/M/MV5BNTI4YmMwOTQtNTllYi00YjE2LThkNWMtODkyM2U0YjQ4M2Y0XkEyXkFqcGdeQXVyMDUyOTUyNQ@@._V1_.jpg,Eva Marie Saint  Peter Lawford  and Ralph Richardson in Éxodo (1960),1960,37,parent
Peter_Lawford,nm0492444,1923,nm0492444_13.jpg,858 201 1019 453,1000 1336,https://images-na.ssl-images-amazon.com/images/M/MV5BMTY1ODQzMDYwOV5BMl5BanBnXkFtZTcwMjQ4NTMyNw@@._V1_SY1000_CR0,Judy Garland and Peter Lawford in Intermezzo lírico (1948),1948,25,parent
Peter_Lawford,nm0492444,1923,nm0492444_14.jpg,159 206 193 261,500 332,https://images-na.ssl-images-amazon.com/images/M/MV5BOTcwMzc4MzM5Nl5BMl5BanBnXkFtZTcwOTE3MzQ2NQ@@._V1_.jpg,Peter Lawford at Sammy Davis Jr.'s wedding to May Britt 11-13-1960,1960,37,parent
Peter_Lawford,nm0492444,1923,nm0492444_15.jpg,129 212 168 258,361 512,https://images-na.ssl-images-amazon.com/images/M/MV5BYmE2NzJjMGUtYzgyZS00YmRmLTliMWEtYTI2MGM5Yzc0MjBhXkEyXkFqcGdeQXVyMzk3NTUwOQ@@._V1_.jpg,Deborah Kerr  Peter Lawford  and Mark Stevens in Please Believe Me (1950),1950,27,parent
Peter_Lawford,nm0492444,1923,nm0492444_16.jpg,108 20 135 63,489 454,https://images-na.ssl-images-amazon.com/images/M/MV5BNWEzZDg4ZGQtZmM3MS00MGEzLThlNzYtMWU2NGI1ZGE5YzBjXkEyXkFqcGdeQXVyMzk3NTUwOQ@@._V1_.jpg,Deborah Kerr  Peter Lawford  and Robert Walker in Please Believe Me (1950),1950,27,parent
Peter_Lawford,nm0492444,1923,nm0492444_17.jpg,651 284 789 531,1000 1251,https://images-na.ssl-images-amazon.com/images/M/MV5BMzQ4ODljNmUtZWNjYy00ZGNlLTlhNmItZTE5YWMyNjM4ODBlXkEyXkFqcGdeQXVyMzAwOTU1MTk@._V1_SY1000_CR0,Janet Leigh and Peter Lawford in Just This Once (1952),1952,29,parent
Peter_Lawford,nm0492444,1923,nm0492444_18.jpg,380 27 412 80,569 468,https://images-na.ssl-images-amazon.com/images/M/MV5BMGZhNDk0MWItZTVjNy00ODk4LWI2MDItZTljMmJiZmU2NmRhXkEyXkFqcGdeQXVyMzk3NTUwOQ@@._V1_.jpg,Deborah Kerr  Peter Lawford  Mark Stevens  and Robert Walker in Please Believe Me (1950),1950,27,parent
Peter_Lawford,nm0492444,1923,nm0492444_19.jpg,241 125 271 159,331 500,https://images-na.ssl-images-amazon.com/images/M/MV5BOTI2NDAyMzQzMV5BMl5BanBnXkFtZTcwMTc0MzQ2NQ@@._V1_.jpg,Peter Lawford at Sammy Davis Jr.'s wedding to May Britt 11-13-1960,1960,37,parent
Peter_Lawford,nm0492444,1923,nm0492444_21.jpg,648 229 736 329,1000 1257,https://images-na.ssl-images-amazon.com/images/M/MV5BMDQwNTk0MjUtYjViNy00ZjIyLThhYTgtZDMzYjZkYTJiNzc5XkEyXkFqcGdeQXVyMzAwOTU1MTk@._V1_SY1000_CR0,Janet Leigh and Peter Lawford in Just This Once (1952),1952,29,parent
Peter_Lawford,nm0492444,1923,nm0492444_23.jpg,229 269 266 329,500 355,https://images-na.ssl-images-amazon.com/images/M/MV5BMjI5MzUzOTUyM15BMl5BanBnXkFtZTgwOTI1OTgwMzE@._V1_.jpg,June Allyson and Peter Lawford in ¡Viva el amor! (1947),1947,24,parent
Peter_Lawford,nm0492444,1923,nm0492444_26.jpg,203 35 229 67,450 343,https://images-na.ssl-images-amazon.com/images/M/MV5BMTI4OTM0NzM1NV5BMl5BanBnXkFtZTYwMzA3OTI2._V1_.jpg,"Sammy Davis  Jr. with Frank Sinatra  Dean Martin  Peter Lawford  and Joey Bishop on the set of ""Ocean's Eleven "" 1960.",1960,37,parent
Peter_Lawford,nm0492444,1923,nm0492444_27.jpg,148 113 204 179,298 450,https://images-na.ssl-images-amazon.com/images/M/MV5BMjE4Mzg3NDE4NV5BMl5BanBnXkFtZTYwNzg0NzM2._V1_.jpg,Exodus  Paul Newman. 1960 UA,1960,37,parent
Peter_Lawford,nm0492444,1923,nm0492444_28.jpg,635 281 743 483,1000 1247,https://images-na.ssl-images-amazon.com/images/M/MV5BMWY1Y2VjMDgtMDM0OS00MzA0LWJkM2UtYmYzZmY2MzJmOTQ2L2ltYWdlL2ltYWdlXkEyXkFqcGdeQXVyMzAwOTU1MTk@._V1_SY1000_CR0,Janet Leigh  Richard Anderson  and Peter Lawford in Just This Once (1952),1952,29,parent
Peter_Lawford,nm0492444,1923,nm0492444_29.jpg,829 200 886 262,999 1315,https://images-na.ssl-images-amazon.com/images/M/MV5BMjA4NzkyOTc1OF5BMl5BanBnXkFtZTcwOTk4OTQyNw@@._V1_SX1315_CR0,Frank Sinatra  Norman Fell  Dean Martin  Richard Conte  Sammy Davis Jr.  Richard Benedict  Joey Bishop  Clem Harvey  Peter Lawford  Buddy Lester  Henry Silva  and Akim Tamiroff in Once a la medianoche (1960),1960,37,parent
Peter_Lawford,nm0492444,1923,nm0492444_30.jpg,215 28 246 64,337 450,https://images-na.ssl-images-amazon.com/images/M/MV5BMTUyMzg5NDQ3N15BMl5BanBnXkFtZTYwNjUyMjU2._V1_.jpg,Little Women Elizabeth Taylor  Peter Lawford  June Allyson 1949 MGM MPTV,1949,26,parent
Peter_Lawford,nm0492444,1923,nm0492444_31.jpg,226 188 307 302,587 454,https://images-na.ssl-images-amazon.com/images/M/MV5BYjI0NjY0ODItZmQwYS00YjJkLTkxNDQtNWQ1NDQwYzU0Nzk0XkEyXkFqcGdeQXVyMTk2MzI2Ng@@._V1_.jpg,Kathryn Grayson and Peter Lawford in Two Sisters from Boston (1946),1946,23,parent
Peter_Lawford,nm0492444,1923,nm0492444_32.jpg,193 236 221 274,500 393,https://images-na.ssl-images-amazon.com/images/M/MV5BMTc5MDQ4NzI4N15BMl5BanBnXkFtZTcwMzk5ODAyMw@@._V1_.jpg,Ocean's Eleven Frank Sinatra  Peter Lawford 1960 Warner Brothers,1960,37,parent
Peter_Lawford,nm0492444,1923,nm0492444_33.jpg,99 124 117 144,332 500,https://images-na.ssl-images-amazon.com/images/M/MV5BMTYyMzcwODk1MV5BMl5BanBnXkFtZTcwODUzMzQ2NQ@@._V1_.jpg,Peter Lawford and Shirley Rhodes (far right) at Sammy Davis Jr.'s wedding to May Britt 11-13-1960,1960,37,parent
Peter_Lawford,nm0492444,1923,nm0492444_34.jpg,704 337 751 394,1000 1407,https://images-na.ssl-images-amazon.com/images/M/MV5BMjA0NjE5MTU2OF5BMl5BanBnXkFtZTgwNDY0NDMwMjE@._V1_SY1000_CR0,Frank Sinatra  Norman Fell  Dean Martin  Richard Conte  Sammy Davis Jr.  Richard Benedict  Joey Bishop  Clem Harvey  Peter Lawford  Buddy Lester  Henry Silva  and Akim Tamiroff in Once a la medianoche (1960),1960,37,parent
Peter_Lawford,nm0492444,1923,nm0492444_36.jpg,281 83 308 130,326 450,https://images-na.ssl-images-amazon.com/images/M/MV5BMTU5NTUzMTk4NF5BMl5BanBnXkFtZTYwODA3OTI2._V1_.jpg,"Sammy Davis  Jr. with Buddy Lester  Joey Bishop  Frank Sinatra  and Dean Martin on the set of ""Ocean's Eleven "" 1960.",1960,37,parent
Peter_Lawford,nm0492444,1923,nm0492444_38.jpg,594 162 652 270,790 1036,https://images-na.ssl-images-amazon.com/images/M/MV5BYzU4MTQ3YzktOWZkNS00ZjVkLWIwYjQtZDJkMDY4YTAzYjU2L2ltYWdlL2ltYWdlXkEyXkFqcGdeQXVyMjUxODE0MDY@._V1_.jpg,June Allyson and Peter Lawford in Mujercitas (1949),1949,26,parent
Christopher_Lawford,nm0492441,1955,nm0492441_2.jpg,231 99 285 154,673 450,https://images-na.ssl-images-amazon.com/images/M/MV5BMjExODg2MDE1N15BMl5BanBnXkFtZTcwNzUwMDAzMQ@@._V1_.jpg,Cinderella Man Los Angeles Premiere - Red Carpet May 23  2005 - Gibson Amphitheatre Universal City  California United States,2005,50,child
Christopher_Lawford,nm0492441,1955,nm0492441_4.jpg,216 75 335 194,316 485,https://images-na.ssl-images-amazon.com/images/M/MV5BMjAwOTkzNDMzM15BMl5BanBnXkFtZTYwMTcxNTI3._V1_.jpg,Christopher Lawford in Sueños de gloria (2005),2005,50,child
Christopher_Lawford,nm0492441,1955,nm0492441_5.jpg,994 201 1075 284,1000 1534,https://images-na.ssl-images-amazon.com/images/M/MV5BMTA0ODkyNDg1NTReQTJeQWpwZ15BbWU4MDE0OTMzOTAy._V1_SY1000_CR0,Anthony Hopkins and Christopher Lawford in Sueños de gloria (2005),2005,50,child
Christopher_Lawford,nm0492441,1955,nm0492441_6.jpg,73 317 183 427,1000 1534,https://images-na.ssl-images-amazon.com/images/M/MV5BMTk3MTQ0MzM1Ml5BMl5BanBnXkFtZTgwMzQ5MzM5MDI@._V1_SY1000_CR0,Anthony Hopkins  Jessica Cauffiel  and Christopher Lawford in Sueños de gloria (2005),2005,50,child
