name,imdb_id,byear,image,rect,height width,url,pic_description,picyear, age, kinship
Adele_Mara,nm0544711,1923,nm0544711_1.jpg,277 258 333 318,1000 816,https://images-na.ssl-images-amazon.com/images/M/MV5BYTgzNTY0ZWQtNDIwYS00MDYwLWI1MWMtZWIwNTE0NzZiNTc3XkEyXkFqcGdeQXVyMzk3NTUwOQ@@._V1_SY1000_CR0,Rita Hayworth  Leslie Brooks  Adele Mara  and Adolphe Menjou in Bailando nace el amor (1942),1942,19,parent
Adele_Mara,nm0544711,1923,nm0544711_2.jpg,111 173 197 273,477 628,https://images-na.ssl-images-amazon.com/images/M/MV5BN2I1NDI3N2UtNWUxZC00ODlmLWE0NjEtOGFjYzdiNmI0MzdkXkEyXkFqcGdeQXVyMTk2MzI2Ng@@._V1_.jpg,Adele Mara and Chester Morris in Venganza por mano ajena (1942),1942,19,parent
Adele_Mara,nm0544711,1923,nm0544711_3.jpg,137 315 247 422,1000 841,https://images-na.ssl-images-amazon.com/images/M/MV5BZDE4ZjAzN2MtMTAzYS00OTI1LTlhYTctYzVjNmEwNTVjN2ZhXkEyXkFqcGdeQXVyMzk3NTUwOQ@@._V1_SY1000_CR0,Rita Hayworth  Leslie Brooks  Catherine Craig  and Adele Mara in Bailando nace el amor (1942),1942,19,parent
Adele_Mara,nm0544711,1923,nm0544711_4.jpg,242 198 291 268,689 912,https://images-na.ssl-images-amazon.com/images/M/MV5BZjNmNTdhMGMtMzk1Yi00OTk4LWE2NmYtODA1MDEzZmQxNjBjXkEyXkFqcGdeQXVyMDMxMjQwMw@@._V1_.jpg,Adele Mara  Tex Ritter  and Guy Wilkerson in Vengeance of the West (1942),1942,19,parent
Adele_Mara,nm0544711,1923,nm0544711_5.jpg,537 506 593 570,1000 650,https://images-na.ssl-images-amazon.com/images/M/MV5BMDIyMWI3NGMtNTE5OC00ZDRlLWI4YmEtZWMzYTQ4NDkwMTkwXkEyXkFqcGdeQXVyMDMxMjQwMw@@._V1_SY1000_CR0,Roy Rogers  Andy Devine  Adele Mara  and Trigger in Nighttime in Nevada (1948),1948,25,parent
Katherine_Crawford,nm5575948,1944,nm5575948_1.jpg,335 229 432 341,1000 758,https://images-na.ssl-images-amazon.com/images/M/MV5BMTUzNDc2MTM5M15BMl5BanBnXkFtZTgwNjU3NTU0MjE@._V1_SY1000_CR0,1964  Publicity shot from Kraft Suspense Theatre episode 'End of the World Baby'.,1964,20,child
Katherine_Crawford,nm5575948,1944,nm5575948_3.jpg,154 347 314 511,1000 1219,https://images-na.ssl-images-amazon.com/images/M/MV5BYjFhM2YwNzItYTU5OS00ZDkyLWJhYTktZWRlODJlMjVjNTg3XkEyXkFqcGdeQXVyMzAwOTU1MTk@._V1_SY1000_CR0,Ingrid Bergman and Katherine Crawford in Primavera en otoño (1970),1970,26,child
Katherine_Crawford,nm5575948,1944,nm5575948_4.jpg,85 267 336 537,730 517,https://images-na.ssl-images-amazon.com/images/M/MV5BMTk2MDM0OTY2Nl5BMl5BanBnXkFtZTgwNzQ3NTU0MjE@._V1_.jpg,still from the Pioneer of the Year Awards 1982,1982,38,child
Katherine_Crawford,nm5575948,1944,nm5575948_6.jpg,373 135 444 209,1000 784,https://images-na.ssl-images-amazon.com/images/M/MV5BMjAwNTUxNjc5OF5BMl5BanBnXkFtZTgwMTA3NTU0MjE@._V1_SY1000_CR0,The Virginian  1964 episode: 'A Bride For Lars',1964,20,child
Katherine_Crawford,nm5575948,1944,nm5575948_8.jpg,124 110 236 230,406 320,https://images-na.ssl-images-amazon.com/images/M/MV5BMjMwOTg1ODMyN15BMl5BanBnXkFtZTgwNzE4NTU0MjE@._V1_.jpg,1967  publicity still  Universal Studios.,1967,23,child
