name,imdb_id,byear,image,rect,height width,url,pic_description,picyear, age, kinship
Connie_Stevens,nm0828328,1938,nm0828328_1.jpg,544 393 603 462,1000 1346,https://images-na.ssl-images-amazon.com/images/M/MV5BNTc0ZWI1NTAtZjU1MS00Y2NjLWE4NTAtYzBhYWUzMDBlMTE2L2ltYWdlL2ltYWdlXkEyXkFqcGdeQXVyMzk3NTUwOQ@@._V1_SY1000_CR0,Troy Donahue  Dorothy McGuire  Lloyd Nolan  and Connie Stevens in Susan Slade (1961),1961,23,parent
Connie_Stevens,nm0828328,1938,nm0828328_3.jpg,129 143 237 244,450 339,https://images-na.ssl-images-amazon.com/images/M/MV5BMTA0MTMxNzM3NzdeQTJeQWpwZ15BbWU2MDY3MTkxNg@@._V1_.jpg,Connie Stevens  circa 1955.,1955,17,parent
Connie_Stevens,nm0828328,1938,nm0828328_4.jpg,293 372 409 517,594 564,https://images-na.ssl-images-amazon.com/images/M/MV5BN2M0NjM1YmMtZDU1YS00OWRmLWIyZTQtYmU4NDk5NzliOWZiL2ltYWdlL2ltYWdlXkEyXkFqcGdeQXVyMzk3NTUwOQ@@._V1_.jpg,Troy Donahue and Connie Stevens in Susan Slade (1961),1961,23,parent
Connie_Stevens,nm0828328,1938,nm0828328_5.jpg,30 175 248 406,450 281,https://images-na.ssl-images-amazon.com/images/M/MV5BMjE0NzY4MjE0Nl5BMl5BanBnXkFtZTYwODA4NzQ2._V1_.jpg,Connie Stevens  1972. Vintage silver gelatin  14x11  signed. $750 © 1978 David Sutton MPTV,1978,40,parent
Connie_Stevens,nm0828328,1938,nm0828328_6.jpg,1154 269 1238 387,1000 1498,https://images-na.ssl-images-amazon.com/images/M/MV5BMjAwODA0NTEyNF5BMl5BanBnXkFtZTgwMjM3ODE1MDE@._V1_SY1000_CR0,Bernie Kopell  Gavin MacLeod  Connie Stevens  and Lauren Tewes in El crucero del amor (1977),1977,39,parent
Connie_Stevens,nm0828328,1938,nm0828328_7.jpg,355 357 464 463,1000 1224,https://images-na.ssl-images-amazon.com/images/M/MV5BNzg5YWM1YWEtY2NjNC00NTU5LWE4YjktM2ViZTU2ZWRkM2JmXkEyXkFqcGdeQXVyMzAwOTU1MTk@._V1_SY1000_CR0,Connie Stevens in Susan Slade (1961),1961,23,parent
Connie_Stevens,nm0828328,1938,nm0828328_8.jpg,734 104 808 181,667 1169,https://images-na.ssl-images-amazon.com/images/M/MV5BMjgyNTUzMzctNWZmNC00NzcxLTgwN2UtNjA1ZjBkMjM4M2M2XkEyXkFqcGdeQXVyMDMxMjQwMw@@._V1_.jpg,Dick Shawn and Connie Stevens in Way... Way Out (1966),1966,28,parent
Connie_Stevens,nm0828328,1938,nm0828328_10.jpg,223 45 430 224,349 781,https://images-na.ssl-images-amazon.com/images/M/MV5BYjFlMTM0ZDQtMTQ4ZC00ZmJkLWIzMTEtMzhlMWUyOTMyZGFmXkEyXkFqcGdeQXVyMTE2NzA0Ng@@._V1_.jpg,Connie Stevens in Dos en la guillotina (1965),1965,27,parent
Connie_Stevens,nm0828328,1938,nm0828328_11.jpg,211 164 317 277,352 640,https://images-na.ssl-images-amazon.com/images/M/MV5BYWRjODYzY2MtY2UzOC00YzZhLThjNzUtNmMzN2FlNmZmYzFjL2ltYWdlL2ltYWdlXkEyXkFqcGdeQXVyMzk3NTUwOQ@@._V1_.jpg,Bert Convy and Connie Stevens in Susan Slade (1961),1961,23,parent
Connie_Stevens,nm0828328,1938,nm0828328_12.jpg,219 150 239 172,369 500,https://images-na.ssl-images-amazon.com/images/M/MV5BYmY4YjhjNDQtMmVkYi00YWQ5LTg2ZjQtYjUzZWE2NTQzMDk5XkEyXkFqcGdeQXVyMTE2NzA0Ng@@._V1_.jpg,Connie Stevens in Dos en la guillotina (1965),1965,27,parent
Connie_Stevens,nm0828328,1938,nm0828328_14.jpg,577 178 678 284,999 1227,https://images-na.ssl-images-amazon.com/images/M/MV5BM2YwNTQ0ODctMDEzMy00ZDI5LWE5ZTQtZDg3M2QyYzM4YmIyXkEyXkFqcGdeQXVyMzAwOTU1MTk@._V1_SX1227_CR0,Connie Stevens in Dos en la guillotina (1965),1965,27,parent
Connie_Stevens,nm0828328,1938,nm0828328_15.jpg,53 177 191 325,450 322,https://images-na.ssl-images-amazon.com/images/M/MV5BMTUxOTAwMTM1NF5BMl5BanBnXkFtZTYwMTE4NzQ2._V1_.jpg,Connie Stevens  circa 1964. Modern silver gelatin  14x11  estate stamped. $600 © 1978 Wallace Seawell MPTV,1978,40,parent
Connie_Stevens,nm0828328,1938,nm0828328_18.jpg,136 134 181 183,450 292,https://images-na.ssl-images-amazon.com/images/M/MV5BMjE5MDYwNzAwNF5BMl5BanBnXkFtZTYwNzE2MjM2._V1_.jpg,Academy Awards: 38th Annual  Connie Stevens. 1966.,1966,28,parent
Connie_Stevens,nm0828328,1938,nm0828328_19.jpg,400 270 457 332,1000 1313,https://images-na.ssl-images-amazon.com/images/M/MV5BNjE2M2NkMDUtNWI5NC00Y2Q2LWI0ODctYzgwNDYzYzE0YTAzXkEyXkFqcGdeQXVyMTE2NzA0Ng@@._V1_SY1000_CR0,Cesar Romero and Connie Stevens in Dos en la guillotina (1965),1965,27,parent
Connie_Stevens,nm0828328,1938,nm0828328_20.jpg,696 285 763 360,1000 1239,https://images-na.ssl-images-amazon.com/images/M/MV5BMTU4YzQ5ZDQtYTQ4Ny00ZWExLThlM2UtZWQ3M2RkMzk3ZjkzXkEyXkFqcGdeQXVyMzAwOTU1MTk@._V1_SY1000_CR0,Bert Convy and Connie Stevens in Susan Slade (1961),1961,23,parent
Connie_Stevens,nm0828328,1938,nm0828328_21.jpg,458 210 614 384,1000 1282,https://images-na.ssl-images-amazon.com/images/M/MV5BYTY0MmM3YmEtNjM5YS00NWQ2LWJlYTAtYzNjODZkMmQ4MDAzXkEyXkFqcGdeQXVyMzAwOTU1MTk@._V1_SY1000_CR0,Lloyd Nolan and Connie Stevens in Susan Slade (1961),1961,23,parent
Connie_Stevens,nm0828328,1938,nm0828328_22.jpg,316 89 350 122,375 500,https://images-na.ssl-images-amazon.com/images/M/MV5BMTU5MTg2ODkyOF5BMl5BanBnXkFtZTgwOTc5MDQ2MjE@._V1_.jpg,James Garner and Connie Stevens in Maverick (1957),1957,19,parent
Connie_Stevens,nm0828328,1938,nm0828328_24.jpg,731 238 894 402,1000 1240,https://images-na.ssl-images-amazon.com/images/M/MV5BMjM3MTJjZWMtMzVjMS00N2U5LWI4M2ItNzYxMzVmODJiNDllXkEyXkFqcGdeQXVyMzAwOTU1MTk@._V1_SY1000_CR0,Connie Stevens and Grant Williams in Susan Slade (1961),1961,23,parent
Connie_Stevens,nm0828328,1938,nm0828328_25.jpg,392 91 460 147,1000 691,https://images-na.ssl-images-amazon.com/images/M/MV5BNmE4ZTA3YmQtNGE1NC00NGQ3LTlkZDgtOWNiY2E3ZTBkOGFhXkEyXkFqcGdeQXVyMDMxMjQwMw@@._V1_SY1000_CR0,Jerry Lewis and Connie Stevens in Way... Way Out (1966),1966,28,parent
Connie_Stevens,nm0828328,1938,nm0828328_28.jpg,457 332 596 478,1000 807,https://images-na.ssl-images-amazon.com/images/M/MV5BNTI5NzYwMTc0Ml5BMl5BanBnXkFtZTcwNTE4NjIxNA@@._V1_SY1000_CR0,Connie Stevens and Grant Williams in Susan Slade (1961),1961,23,parent
Connie_Stevens,nm0828328,1938,nm0828328_32.jpg,376 410 495 525,1000 807,https://images-na.ssl-images-amazon.com/images/M/MV5BMTM3NTg1NDI4MV5BMl5BanBnXkFtZTcwNjE4NjIxNA@@._V1_SY1000_CR0,Troy Donahue and Connie Stevens in Susan Slade (1961),1961,23,parent
Connie_Stevens,nm0828328,1938,nm0828328_34.jpg,201 230 409 445,1000 800,https://images-na.ssl-images-amazon.com/images/M/MV5BMGYxODI3ZDYtZGM2YS00ZjcxLTlhMGItOWRhNDQxMTQxM2E5XkEyXkFqcGdeQXVyMzk3NTUwOQ@@._V1_SY1000_SX800_AL_.jpg,Connie Stevens in Parrish (1961),1961,23,parent
Connie_Stevens,nm0828328,1938,nm0828328_35.jpg,311 244 425 354,1000 807,https://images-na.ssl-images-amazon.com/images/M/MV5BMjIwMDk0NTEwMV5BMl5BanBnXkFtZTcwNDE4NjIxNA@@._V1_SY1000_CR0,Connie Stevens in Susan Slade (1961),1961,23,parent
Tricia_Leigh_Fisher,nm0279826,1968,nm0279826_2.jpg,425 104 480 170,594 1050,https://images-na.ssl-images-amazon.com/images/M/MV5BNzMzNTJkODUtZWZmNy00NGIzLTlkZjMtYzU3MTJjMWI1OTVjL2ltYWdlL2ltYWdlXkEyXkFqcGdeQXVyMTEwODg2MDY@._V1_.jpg,Carrie Fisher and Tricia Leigh Fisher in These Old Broads (2001),2001,33,child
Tricia_Leigh_Fisher,nm0279826,1968,nm0279826_4.jpg,80 114 184 240,400 265,https://images-na.ssl-images-amazon.com/images/M/MV5BOTk2OTE5ODM2MV5BMl5BanBnXkFtZTYwNDA5MDc1._V1_.jpg,Tricia Leigh Fisher at an event for Chicken Little (2005),2005,37,child
Tricia_Leigh_Fisher,nm0279826,1968,nm0279826_5.jpg,900 298 1040 535,1000 1658,https://images-na.ssl-images-amazon.com/images/M/MV5BMTM4MTk5NTY5OV5BMl5BanBnXkFtZTcwNDEwMTkwMw@@._V1_SY1000_CR0,Tricia Leigh Fisher and Chris Young in Agenda del placer (1990),1990,22,child
Tricia_Leigh_Fisher,nm0279826,1968,nm0279826_6.jpg,135 62 165 96,400 265,https://images-na.ssl-images-amazon.com/images/M/MV5BMTI3NzYwMjc3M15BMl5BanBnXkFtZTYwMzYwODU0._V1_.jpg,Joely Fisher and Tricia Leigh Fisher at an event for Asesinos sustitutos (1998),1998,30,child
Tricia_Leigh_Fisher,nm0279826,1968,nm0279826_7.jpg,170 91 199 125,400 276,https://images-na.ssl-images-amazon.com/images/M/MV5BNjMyNTE5MDMwM15BMl5BanBnXkFtZTYwMTcxMzA1._V1_.jpg,Joely Fisher  Tricia Leigh Fisher  Skylar Fisher-Duddy  and Holden Chabot at an event for Chicken Little (2005),2005,37,child
Tricia_Leigh_Fisher,nm0279826,1968,nm0279826_8.jpg,152 69 180 100,400 294,https://images-na.ssl-images-amazon.com/images/M/MV5BNjI2NDg2NDA4M15BMl5BanBnXkFtZTYwMDg3MDc1._V1_.jpg,Joely Fisher  Tricia Leigh Fisher  Skylar Fisher-Duddy  and Holden Chabot at an event for Chicken Little (2005),2005,37,child
Tricia_Leigh_Fisher,nm0279826,1968,nm0279826_9.jpg,1310 408 1472 611,959 1777,https://images-na.ssl-images-amazon.com/images/M/MV5BMTYxMTg3MDk0OF5BMl5BanBnXkFtZTcwODAwMTkwMw@@._V1_SX1777_CR0,Josie Bissett  Beau Dremann  Tricia Leigh Fisher  and Chris Young in Agenda del placer (1990),1990,22,child
