name,imdb_id,byear,image,rect,height width,url,pic_description,picyear, age, kinship
Connie_Stevens,nm0828328,1938,nm0828328_1.jpg,544 393 603 462,1000 1346,https://images-na.ssl-images-amazon.com/images/M/MV5BNTc0ZWI1NTAtZjU1MS00Y2NjLWE4NTAtYzBhYWUzMDBlMTE2L2ltYWdlL2ltYWdlXkEyXkFqcGdeQXVyMzk3NTUwOQ@@._V1_SY1000_CR0,Troy Donahue  Dorothy McGuire  Lloyd Nolan  and Connie Stevens in Susan Slade (1961),1961,23,parent
Connie_Stevens,nm0828328,1938,nm0828328_3.jpg,129 143 237 244,450 339,https://images-na.ssl-images-amazon.com/images/M/MV5BMTA0MTMxNzM3NzdeQTJeQWpwZ15BbWU2MDY3MTkxNg@@._V1_.jpg,Connie Stevens  circa 1955.,1955,17,parent
Connie_Stevens,nm0828328,1938,nm0828328_4.jpg,293 372 409 517,594 564,https://images-na.ssl-images-amazon.com/images/M/MV5BN2M0NjM1YmMtZDU1YS00OWRmLWIyZTQtYmU4NDk5NzliOWZiL2ltYWdlL2ltYWdlXkEyXkFqcGdeQXVyMzk3NTUwOQ@@._V1_.jpg,Troy Donahue and Connie Stevens in Susan Slade (1961),1961,23,parent
Connie_Stevens,nm0828328,1938,nm0828328_5.jpg,30 175 248 406,450 281,https://images-na.ssl-images-amazon.com/images/M/MV5BMjE0NzY4MjE0Nl5BMl5BanBnXkFtZTYwODA4NzQ2._V1_.jpg,Connie Stevens  1972. Vintage silver gelatin  14x11  signed. $750 © 1978 David Sutton MPTV,1978,40,parent
Connie_Stevens,nm0828328,1938,nm0828328_6.jpg,1154 269 1238 387,1000 1498,https://images-na.ssl-images-amazon.com/images/M/MV5BMjAwODA0NTEyNF5BMl5BanBnXkFtZTgwMjM3ODE1MDE@._V1_SY1000_CR0,Bernie Kopell  Gavin MacLeod  Connie Stevens  and Lauren Tewes in El crucero del amor (1977),1977,39,parent
Connie_Stevens,nm0828328,1938,nm0828328_7.jpg,355 357 464 463,1000 1224,https://images-na.ssl-images-amazon.com/images/M/MV5BNzg5YWM1YWEtY2NjNC00NTU5LWE4YjktM2ViZTU2ZWRkM2JmXkEyXkFqcGdeQXVyMzAwOTU1MTk@._V1_SY1000_CR0,Connie Stevens in Susan Slade (1961),1961,23,parent
Connie_Stevens,nm0828328,1938,nm0828328_8.jpg,734 104 808 181,667 1169,https://images-na.ssl-images-amazon.com/images/M/MV5BMjgyNTUzMzctNWZmNC00NzcxLTgwN2UtNjA1ZjBkMjM4M2M2XkEyXkFqcGdeQXVyMDMxMjQwMw@@._V1_.jpg,Dick Shawn and Connie Stevens in Way... Way Out (1966),1966,28,parent
Connie_Stevens,nm0828328,1938,nm0828328_10.jpg,223 45 430 224,349 781,https://images-na.ssl-images-amazon.com/images/M/MV5BYjFlMTM0ZDQtMTQ4ZC00ZmJkLWIzMTEtMzhlMWUyOTMyZGFmXkEyXkFqcGdeQXVyMTE2NzA0Ng@@._V1_.jpg,Connie Stevens in Dos en la guillotina (1965),1965,27,parent
Connie_Stevens,nm0828328,1938,nm0828328_11.jpg,211 164 317 277,352 640,https://images-na.ssl-images-amazon.com/images/M/MV5BYWRjODYzY2MtY2UzOC00YzZhLThjNzUtNmMzN2FlNmZmYzFjL2ltYWdlL2ltYWdlXkEyXkFqcGdeQXVyMzk3NTUwOQ@@._V1_.jpg,Bert Convy and Connie Stevens in Susan Slade (1961),1961,23,parent
Connie_Stevens,nm0828328,1938,nm0828328_12.jpg,219 150 239 172,369 500,https://images-na.ssl-images-amazon.com/images/M/MV5BYmY4YjhjNDQtMmVkYi00YWQ5LTg2ZjQtYjUzZWE2NTQzMDk5XkEyXkFqcGdeQXVyMTE2NzA0Ng@@._V1_.jpg,Connie Stevens in Dos en la guillotina (1965),1965,27,parent
Connie_Stevens,nm0828328,1938,nm0828328_14.jpg,577 178 678 284,999 1227,https://images-na.ssl-images-amazon.com/images/M/MV5BM2YwNTQ0ODctMDEzMy00ZDI5LWE5ZTQtZDg3M2QyYzM4YmIyXkEyXkFqcGdeQXVyMzAwOTU1MTk@._V1_SX1227_CR0,Connie Stevens in Dos en la guillotina (1965),1965,27,parent
Connie_Stevens,nm0828328,1938,nm0828328_15.jpg,53 177 191 325,450 322,https://images-na.ssl-images-amazon.com/images/M/MV5BMTUxOTAwMTM1NF5BMl5BanBnXkFtZTYwMTE4NzQ2._V1_.jpg,Connie Stevens  circa 1964. Modern silver gelatin  14x11  estate stamped. $600 © 1978 Wallace Seawell MPTV,1978,40,parent
Connie_Stevens,nm0828328,1938,nm0828328_18.jpg,136 134 181 183,450 292,https://images-na.ssl-images-amazon.com/images/M/MV5BMjE5MDYwNzAwNF5BMl5BanBnXkFtZTYwNzE2MjM2._V1_.jpg,Academy Awards: 38th Annual  Connie Stevens. 1966.,1966,28,parent
Connie_Stevens,nm0828328,1938,nm0828328_19.jpg,400 270 457 332,1000 1313,https://images-na.ssl-images-amazon.com/images/M/MV5BNjE2M2NkMDUtNWI5NC00Y2Q2LWI0ODctYzgwNDYzYzE0YTAzXkEyXkFqcGdeQXVyMTE2NzA0Ng@@._V1_SY1000_CR0,Cesar Romero and Connie Stevens in Dos en la guillotina (1965),1965,27,parent
Connie_Stevens,nm0828328,1938,nm0828328_20.jpg,696 285 763 360,1000 1239,https://images-na.ssl-images-amazon.com/images/M/MV5BMTU4YzQ5ZDQtYTQ4Ny00ZWExLThlM2UtZWQ3M2RkMzk3ZjkzXkEyXkFqcGdeQXVyMzAwOTU1MTk@._V1_SY1000_CR0,Bert Convy and Connie Stevens in Susan Slade (1961),1961,23,parent
Connie_Stevens,nm0828328,1938,nm0828328_21.jpg,458 210 614 384,1000 1282,https://images-na.ssl-images-amazon.com/images/M/MV5BYTY0MmM3YmEtNjM5YS00NWQ2LWJlYTAtYzNjODZkMmQ4MDAzXkEyXkFqcGdeQXVyMzAwOTU1MTk@._V1_SY1000_CR0,Lloyd Nolan and Connie Stevens in Susan Slade (1961),1961,23,parent
Connie_Stevens,nm0828328,1938,nm0828328_22.jpg,316 89 350 122,375 500,https://images-na.ssl-images-amazon.com/images/M/MV5BMTU5MTg2ODkyOF5BMl5BanBnXkFtZTgwOTc5MDQ2MjE@._V1_.jpg,James Garner and Connie Stevens in Maverick (1957),1957,19,parent
Connie_Stevens,nm0828328,1938,nm0828328_24.jpg,731 238 894 402,1000 1240,https://images-na.ssl-images-amazon.com/images/M/MV5BMjM3MTJjZWMtMzVjMS00N2U5LWI4M2ItNzYxMzVmODJiNDllXkEyXkFqcGdeQXVyMzAwOTU1MTk@._V1_SY1000_CR0,Connie Stevens and Grant Williams in Susan Slade (1961),1961,23,parent
Connie_Stevens,nm0828328,1938,nm0828328_25.jpg,392 91 460 147,1000 691,https://images-na.ssl-images-amazon.com/images/M/MV5BNmE4ZTA3YmQtNGE1NC00NGQ3LTlkZDgtOWNiY2E3ZTBkOGFhXkEyXkFqcGdeQXVyMDMxMjQwMw@@._V1_SY1000_CR0,Jerry Lewis and Connie Stevens in Way... Way Out (1966),1966,28,parent
Connie_Stevens,nm0828328,1938,nm0828328_28.jpg,457 332 596 478,1000 807,https://images-na.ssl-images-amazon.com/images/M/MV5BNTI5NzYwMTc0Ml5BMl5BanBnXkFtZTcwNTE4NjIxNA@@._V1_SY1000_CR0,Connie Stevens and Grant Williams in Susan Slade (1961),1961,23,parent
Connie_Stevens,nm0828328,1938,nm0828328_32.jpg,376 410 495 525,1000 807,https://images-na.ssl-images-amazon.com/images/M/MV5BMTM3NTg1NDI4MV5BMl5BanBnXkFtZTcwNjE4NjIxNA@@._V1_SY1000_CR0,Troy Donahue and Connie Stevens in Susan Slade (1961),1961,23,parent
Connie_Stevens,nm0828328,1938,nm0828328_34.jpg,201 230 409 445,1000 800,https://images-na.ssl-images-amazon.com/images/M/MV5BMGYxODI3ZDYtZGM2YS00ZjcxLTlhMGItOWRhNDQxMTQxM2E5XkEyXkFqcGdeQXVyMzk3NTUwOQ@@._V1_SY1000_SX800_AL_.jpg,Connie Stevens in Parrish (1961),1961,23,parent
Connie_Stevens,nm0828328,1938,nm0828328_35.jpg,311 244 425 354,1000 807,https://images-na.ssl-images-amazon.com/images/M/MV5BMjIwMDk0NTEwMV5BMl5BanBnXkFtZTcwNDE4NjIxNA@@._V1_SY1000_CR0,Connie Stevens in Susan Slade (1961),1961,23,parent
Joely_Fisher,nm0004921,1967,nm0004921_2.jpg,302 160 455 348,653 490,https://images-na.ssl-images-amazon.com/images/M/MV5BMTgwNzk1NDI5N15BMl5BanBnXkFtZTcwMzk1MzI5MQ@@._V1_.jpg,Joely Fisher  Brad Garrett  and J.B. Smoove in 'Til Death (2006),2006,39,child
Joely_Fisher,nm0004921,1967,nm0004921_4.jpg,240 80 301 152,375 500,https://images-na.ssl-images-amazon.com/images/M/MV5BMjI0MDAxNDE1Ml5BMl5BanBnXkFtZTgwMTg3MTk0MjE@._V1_.jpg,Joely Fisher in 'Til Death (2006),2006,39,child
Joely_Fisher,nm0004921,1967,nm0004921_5.jpg,101 51 130 87,400 260,https://images-na.ssl-images-amazon.com/images/M/MV5BMTM5NTMzOTM5MF5BMl5BanBnXkFtZTYwNTAyOTE1._V1_.jpg,Joely Fisher at an event for Los ángeles de Charlie (2000),2000,33,child
Joely_Fisher,nm0004921,1967,nm0004921_7.jpg,80 63 136 136,400 261,https://images-na.ssl-images-amazon.com/images/M/MV5BMTU5MTA2MTAyOV5BMl5BanBnXkFtZTYwMjc4ODQ0._V1_.jpg,Joely Fisher at an event for Los fockers: La familia de mi esposo (2004),2004,37,child
Joely_Fisher,nm0004921,1967,nm0004921_9.jpg,151 88 174 112,400 277,https://images-na.ssl-images-amazon.com/images/M/MV5BMjU1NTAyNDM0Nl5BMl5BanBnXkFtZTYwNzc1ODkz._V1_.jpg,Joely Fisher and Brad Garrett at an event for Letra y música (2007),2007,40,child
Joely_Fisher,nm0004921,1967,nm0004921_10.jpg,975 157 1118 328,1000 1341,https://images-na.ssl-images-amazon.com/images/M/MV5BMTc3MTQ3MzQxN15BMl5BanBnXkFtZTgwMjYzOTY5MDI@._V1_SY1000_CR0,Carrie Fisher  Debbie Reynolds  and Joely Fisher at an event for Carrie Fisher: Wishful Drinking (2010),2010,43,child
Joely_Fisher,nm0004921,1967,nm0004921_11.jpg,269 178 418 350,1000 759,https://images-na.ssl-images-amazon.com/images/M/MV5BMTgyOTQ4MDkxNV5BMl5BanBnXkFtZTgwMDE2NjQyOTE@._V1_SY1000_CR0,Joely Fisher at an event for El buen amigo gigante (2016),2016,49,child
Joely_Fisher,nm0004921,1967,nm0004921_17.jpg,154 106 206 172,400 279,https://images-na.ssl-images-amazon.com/images/M/MV5BMTc0OTk2NDIzM15BMl5BanBnXkFtZTYwMTQ5NzY0._V1_.jpg,Christian Slater and Joely Fisher at an event for Slingshot (2005),2005,38,child
Joely_Fisher,nm0004921,1967,nm0004921_18.jpg,319 106 371 177,375 500,https://images-na.ssl-images-amazon.com/images/M/MV5BMjAzNDk0MTY2N15BMl5BanBnXkFtZTgwNjQ3OTcxMDI@._V1_.jpg,Hector Elizondo and Joely Fisher in Last Man Standing (2011),2011,44,child
Joely_Fisher,nm0004921,1967,nm0004921_20.jpg,295 102 369 177,375 500,https://images-na.ssl-images-amazon.com/images/M/MV5BMTUwNTI0MzQ5MF5BMl5BanBnXkFtZTgwMjk1MjUyMjE@._V1_.jpg,Ellen DeGeneres and Joely Fisher in Ellen (1994),1994,27,child
Joely_Fisher,nm0004921,1967,nm0004921_22.jpg,182 79 204 105,403 468,https://images-na.ssl-images-amazon.com/images/M/MV5BMTI4Mzk0MTcyNl5BMl5BanBnXkFtZTYwMjA4ODU3._V1_.jpg,Joely Fisher  Brad Garrett  Eddie Kaye Thomas  and Kat Foster in 'Til Death (2006),2006,39,child
Joely_Fisher,nm0004921,1967,nm0004921_23.jpg,213 30 344 202,1000 1192,https://images-na.ssl-images-amazon.com/images/M/MV5BMGQ4OTQ5NTItMGEwNS00ZmZlLTlmMGUtOWM5M2E4ZThjMDA3XkEyXkFqcGdeQXVyMTEwODg2MDY@._V1_SY1000_CR0,Elliott Gould  Joely Fisher  Adam Arkin  and Holland Taylor in Baby Bob (2002),2002,35,child
Joely_Fisher,nm0004921,1967,nm0004921_25.jpg,162 80 223 153,375 500,https://images-na.ssl-images-amazon.com/images/M/MV5BMjMwNDYxNjAxMV5BMl5BanBnXkFtZTgwMzQ0Njg0MjE@._V1_.jpg,Joely Fisher in 'Til Death (2006),2006,39,child
Joely_Fisher,nm0004921,1967,nm0004921_26.jpg,93 47 122 80,400 294,https://images-na.ssl-images-amazon.com/images/M/MV5BNjI2NDg2NDA4M15BMl5BanBnXkFtZTYwMDg3MDc1._V1_.jpg,Joely Fisher  Tricia Leigh Fisher  Skylar Fisher-Duddy  and Holden Chabot at an event for Chicken Little (2005),2005,38,child
Joely_Fisher,nm0004921,1967,nm0004921_28.jpg,153 95 207 156,468 351,https://images-na.ssl-images-amazon.com/images/M/MV5BMjE2MjA3NTk1OV5BMl5BanBnXkFtZTYwNzI4ODU3._V1_.jpg,Joely Fisher in 'Til Death (2006),2006,39,child
Joely_Fisher,nm0004921,1967,nm0004921_29.jpg,125 177 175 234,375 500,https://images-na.ssl-images-amazon.com/images/M/MV5BMTYzMDE1NDc0Ml5BMl5BanBnXkFtZTgwNTc2MDk0MjE@._V1_.jpg,Joely Fisher and Brad Garrett in 'Til Death (2006),2006,39,child
Joely_Fisher,nm0004921,1967,nm0004921_30.jpg,249 216 452 443,1000 724,https://images-na.ssl-images-amazon.com/images/M/MV5BMjEzMDQ5MDU4OV5BMl5BanBnXkFtZTcwNjY4Mjc5Nw@@._V1_SY1000_CR0,Joely Fisher at an event for Valiente (2012),2012,45,child
Joely_Fisher,nm0004921,1967,nm0004921_33.jpg,224 236 425 455,1000 717,https://images-na.ssl-images-amazon.com/images/M/MV5BMTgwNTI2OTQ0MF5BMl5BanBnXkFtZTcwMzU5NDcxNg@@._V1_SY1000_CR0,Joely Fisher at an event for Mini espías y los ladrones del tiempo 4 (2011),2011,44,child
Joely_Fisher,nm0004921,1967,nm0004921_37.jpg,274 78 342 159,375 500,https://images-na.ssl-images-amazon.com/images/M/MV5BMTQ0MTYzNDY4MF5BMl5BanBnXkFtZTgwMjE1MjUyMjE@._V1_.jpg,Joely Fisher in Ellen (1994),1994,27,child
Joely_Fisher,nm0004921,1967,nm0004921_38.jpg,263 274 375 420,960 657,https://images-na.ssl-images-amazon.com/images/M/MV5BMjAyODIzNjkxMl5BMl5BanBnXkFtZTgwNDgzNDkzMjE@._V1_.jpg,Denise Richards  Joely Fisher  and Patrick Muldoon in Fatal Acquittal (2014),2014,47,child
Joely_Fisher,nm0004921,1967,nm0004921_40.jpg,152 263 179 290,653 490,https://images-na.ssl-images-amazon.com/images/M/MV5BMjA4NjM4OTM1Ml5BMl5BanBnXkFtZTcwMTk1MzI5MQ@@._V1_.jpg,Joely Fisher  Brad Garrett  and J.B. Smoove in 'Til Death (2006),2006,39,child
Joely_Fisher,nm0004921,1967,nm0004921_41.jpg,100 83 128 114,400 267,https://images-na.ssl-images-amazon.com/images/M/MV5BODcwMjI2OTc3NV5BMl5BanBnXkFtZTcwNjUwNzYzMw@@._V1_.jpg,Joely Fisher and Christopher Duddy at an event for Océanos (2009),2009,42,child
Joely_Fisher,nm0004921,1967,nm0004921_42.jpg,114 69 143 104,400 276,https://images-na.ssl-images-amazon.com/images/M/MV5BNjMyNTE5MDMwM15BMl5BanBnXkFtZTYwMTcxMzA1._V1_.jpg,Joely Fisher  Tricia Leigh Fisher  Skylar Fisher-Duddy  and Holden Chabot at an event for Chicken Little (2005),2005,38,child
Joely_Fisher,nm0004921,1967,nm0004921_43.jpg,120 54 147 89,400 255,https://images-na.ssl-images-amazon.com/images/M/MV5BMTQ1NDUwNDY2M15BMl5BanBnXkFtZTYwMTE4NjA2._V1_.jpg,Joely Fisher at an event for Edtv (1999),1999,32,child
Joely_Fisher,nm0004921,1967,nm0004921_44.jpg,352 94 394 143,375 500,https://images-na.ssl-images-amazon.com/images/M/MV5BMjI1MzIwNjMwN15BMl5BanBnXkFtZTgwNDc1MjUyMjE@._V1_.jpg,Ellen DeGeneres and Joely Fisher in Ellen (1994),1994,27,child
Joely_Fisher,nm0004921,1967,nm0004921_46.jpg,424 148 466 200,435 653,https://images-na.ssl-images-amazon.com/images/M/MV5BNDk1MTIxODkwNl5BMl5BanBnXkFtZTcwODg1MzI5MQ@@._V1_.jpg,Joely Fisher and Brad Garrett in 'Til Death (2006),2006,39,child
Joely_Fisher,nm0004921,1967,nm0004921_49.jpg,317 411 361 468,755 513,https://images-na.ssl-images-amazon.com/images/M/MV5BMTY5MjY1NTQ5NF5BMl5BanBnXkFtZTcwNDY1MTM5MQ@@._V1_.jpg,Joely Fisher  Brad Garrett  and J.B. Smoove in 'Til Death (2006),2006,39,child
Joely_Fisher,nm0004921,1967,nm0004921_52.jpg,325 112 340 145,375 500,https://images-na.ssl-images-amazon.com/images/M/MV5BMjEzNTIyOTQ0Nl5BMl5BanBnXkFtZTgwODI4MTk0MjE@._V1_.jpg,Joely Fisher and Brad Garrett in 'Til Death (2006),2006,39,child
Joely_Fisher,nm0004921,1967,nm0004921_54.jpg,319 164 337 186,375 500,https://images-na.ssl-images-amazon.com/images/M/MV5BMTU0MjY1MTA2MF5BMl5BanBnXkFtZTgwODc3MTk0MjE@._V1_.jpg,Joely Fisher  Brad Garrett  Nick Bakay  Eddie Kaye Thomas  and Kat Foster in 'Til Death (2006),2006,39,child
Joely_Fisher,nm0004921,1967,nm0004921_55.jpg,120 71 167 131,375 500,https://images-na.ssl-images-amazon.com/images/M/MV5BOTExOTAzODA3MV5BMl5BanBnXkFtZTgwOTU1MjUyMjE@._V1_.jpg,Ellen DeGeneres and Joely Fisher in Ellen (1994),1994,27,child
Joely_Fisher,nm0004921,1967,nm0004921_60.jpg,94 113 184 219,400 271,https://images-na.ssl-images-amazon.com/images/M/MV5BMTY3NTQ2ODEyM15BMl5BanBnXkFtZTYwNDc4ODQ0._V1_.jpg,Joely Fisher at an event for Los fockers: La familia de mi esposo (2004),2004,37,child
Joely_Fisher,nm0004921,1967,nm0004921_61.jpg,317 79 377 149,375 500,https://images-na.ssl-images-amazon.com/images/M/MV5BNzA5MzYyMTI1OV5BMl5BanBnXkFtZTgwMjI2MjUyMjE@._V1_.jpg,Ellen DeGeneres and Joely Fisher in Ellen (1994),1994,27,child
Joely_Fisher,nm0004921,1967,nm0004921_62.jpg,137 61 164 95,400 265,https://images-na.ssl-images-amazon.com/images/M/MV5BMTI3NzYwMjc3M15BMl5BanBnXkFtZTYwMzYwODU0._V1_.jpg,Joely Fisher and Tricia Leigh Fisher at an event for Asesinos sustitutos (1998),1998,31,child
Joely_Fisher,nm0004921,1967,nm0004921_64.jpg,200 150 237 192,375 500,https://images-na.ssl-images-amazon.com/images/M/MV5BMTk1MDg1MDY5Nl5BMl5BanBnXkFtZTgwNTg4Mjg0MjE@._V1_.jpg,Joely Fisher and Brad Garrett in 'Til Death (2006),2006,39,child
Joely_Fisher,nm0004921,1967,nm0004921_65.jpg,93 102 140 155,400 267,https://images-na.ssl-images-amazon.com/images/M/MV5BMTU2MzI4NDcwN15BMl5BanBnXkFtZTcwMjc2MjY3MQ@@._V1_.jpg,Kathy Najimy and Joely Fisher at an event for WALL·E (2008),2008,41,child
Joely_Fisher,nm0004921,1967,nm0004921_67.jpg,364 138 391 180,375 500,https://images-na.ssl-images-amazon.com/images/M/MV5BMjE1MDA5MTYyNl5BMl5BanBnXkFtZTgwMTA2NTg0MjE@._V1_.jpg,Joely Fisher and Brad Garrett in 'Til Death (2006),2006,39,child
Joely_Fisher,nm0004921,1967,nm0004921_71.jpg,199 114 247 170,375 500,https://images-na.ssl-images-amazon.com/images/M/MV5BMTQyODkyOTcyNV5BMl5BanBnXkFtZTgwNzE2ODg0MjE@._V1_.jpg,Joely Fisher in 'Til Death (2006),2006,39,child
Joely_Fisher,nm0004921,1967,nm0004921_74.jpg,101 205 156 263,653 490,https://images-na.ssl-images-amazon.com/images/M/MV5BMjE3NjQ1OTYzMF5BMl5BanBnXkFtZTcwMjk1MzI5MQ@@._V1_.jpg,Joely Fisher and Brad Garrett in 'Til Death (2006),2006,39,child
