name,imdb_id,byear,image,rect,height width,url,pic_description,picyear, age, kinship
Christopher_De_Leon,nm0209649,1956,nm0209649_2.jpg,446 86 625 313,462 940,https://images-na.ssl-images-amazon.com/images/M/MV5BZDg0NTBlMGMtYzBlYS00ZmViLWE0NTUtZTA0MTYyMjJmN2M5XkEyXkFqcGdeQXVyNTI5NjIyMw@@._V1_.jpg,Christopher De Leon and Chin Chin Gutierrez in Sa aking mga kamay (1996),1996,40,parent
Christopher_De_Leon,nm0209649,1956,nm0209649_3.jpg,317 68 408 175,462 940,https://images-na.ssl-images-amazon.com/images/M/MV5BNzM4MjdhZTYtMWYxNy00ZGE5LTllNTItNDA3ZGJhNDJjNzU2XkEyXkFqcGdeQXVyNTI5NjIyMw@@._V1_.jpg,Amy Austria  Christopher De Leon  Chin Chin Gutierrez  and Kier Legaspi in Sa aking mga kamay (1996),1996,40,parent
Lotlot_De_Leon,nm0209663,1971,nm0209663_1.jpg,287 120 395 233,1000 666,https://images-na.ssl-images-amazon.com/images/M/MV5BMWRhNzhiYmQtNTljMi00NmRlLTgyOGQtY2IzNjRjOTg1OTk4XkEyXkFqcGdeQXVyNTI5NjIyMw@@._V1_SY1000_CR0,Lotlot De Leon in Nita Negrita (2011),2011,40,child
Lotlot_De_Leon,nm0209663,1971,nm0209663_2.jpg,296 372 711 809,1000 1000,https://images-na.ssl-images-amazon.com/images/M/MV5BOTc0ZTk5MGQtODdhOC00MGVhLTk1ODMtOTRmOGQ5ZDkyZWVjXkEyXkFqcGdeQXVyNTI5NjIyMw@@._V1_SY1000_SX1000_AL_.jpg,Lotlot De Leon in Magpakailanman (2012),2012,41,child
Lotlot_De_Leon,nm0209663,1971,nm0209663_3.jpg,846 363 984 514,900 1200,https://images-na.ssl-images-amazon.com/images/M/MV5BZGU3ZDk5OTktZjkwYS00NzFiLTkyY2EtZDYwMmFiZTUyYzBjXkEyXkFqcGdeQXVyNTI5NjIyMw@@._V1_.jpg,Lotlot De Leon and Alden Richards in Destined to Be Yours (2017),2017,46,child
Lotlot_De_Leon,nm0209663,1971,nm0209663_4.jpg,595 232 677 369,1000 1000,https://images-na.ssl-images-amazon.com/images/M/MV5BNDNmY2JjNTktZWM3MC00ZmZhLThmNjUtZmIxNmExMzc2YWNkXkEyXkFqcGdeQXVyNTI5NjIyMw@@._V1_SY1000_SX1000_AL_.jpg,Lotlot De Leon and Janine Gutierrez in Magpakailanman (2012),2012,41,child
Lotlot_De_Leon,nm0209663,1971,nm0209663_5.jpg,1033 325 1124 452,1000 1222,https://images-na.ssl-images-amazon.com/images/M/MV5BZjc0ZjM5MzUtMTJkNi00NjdlLTkwNWItNzU1ZmI2MzQwOWI5XkEyXkFqcGdeQXVyNTI5NjIyMw@@._V1_SY1000_CR0,Lotlot De Leon  Rocco Nacino  and Sanya Lopez in Haplos (2017),2017,46,child
Lotlot_De_Leon,nm0209663,1971,nm0209663_6.jpg,328 129 440 273,1000 1000,https://images-na.ssl-images-amazon.com/images/M/MV5BZmRmOWU2YTQtZWU5ZS00YTMxLTlhNDEtZjRjYjA0ZjIzY2IxXkEyXkFqcGdeQXVyNTI5NjIyMw@@._V1_SY1000_SX1000_AL_.jpg,Lotlot De Leon in Magpakailanman (2012),2012,41,child
Lotlot_De_Leon,nm0209663,1971,nm0209663_7.jpg,1168 422 1197 452,999 1777,https://images-na.ssl-images-amazon.com/images/M/MV5BN2FiYjdhNDgtYWI2YS00NTQzLWI4ZDUtMzA4ZTc2Y2ZlNmZjXkEyXkFqcGdeQXVyNTI5NjIyMw@@._V1_SX1777_CR0,Lotlot De Leon  Candy Pangilinan  Julienne Mendoza  Mailes Kanapi  Antonette Garcia  Albert Sumaya Jr.  Megan Young  Mark Herras  Kenneth Ocampo  Rodjun Cruz  Atak  Lovely Abella  Ken Anderson  and John Bughaw in Conan  My Beautician (2016),2016,45,child
Lotlot_De_Leon,nm0209663,1971,nm0209663_8.jpg,449 109 539 223,750 1000,https://images-na.ssl-images-amazon.com/images/M/MV5BNjU4YjBjZjQtMzEwYS00NTA1LTliYTUtODBlNDg5YTM2NjlkXkEyXkFqcGdeQXVyNTI5NjIyMw@@._V1_.jpg,Lotlot De Leon in Dear Uge (2016),2016,45,child
Lotlot_De_Leon,nm0209663,1971,nm0209663_9.jpg,220 156 298 237,360 640,https://images-na.ssl-images-amazon.com/images/M/MV5BZjg2OWJhZTItNTVlMi00ZjgyLWIwODQtMTJmNmRlMjI5NTEwXkEyXkFqcGdeQXVyNTI5NjIyMw@@._V1_.jpg,Lotlot De Leon  Nova Villa  and Alden Richards in Destined to Be Yours (2017),2017,46,child
Lotlot_De_Leon,nm0209663,1971,nm0209663_10.jpg,553 117 653 247,540 960,https://images-na.ssl-images-amazon.com/images/M/MV5BMTMzMTc0YmEtYTY2My00YmM2LTk5OGEtMTZkYTY3YzY1M2RhXkEyXkFqcGdeQXVyNTI5NjIyMw@@._V1_.jpg,Lotlot De Leon in 1st Sem (2016),2016,45,child
Lotlot_De_Leon,nm0209663,1971,nm0209663_11.jpg,205 174 303 272,530 800,https://images-na.ssl-images-amazon.com/images/M/MV5BMjA5Mjc3NWItOGJhNi00MGJiLWI1Y2MtZTJjMDg3NzljZTY5XkEyXkFqcGdeQXVyNTI5NjIyMw@@._V1_.jpg,Lotlot De Leon  Victor Neri  and Kryshee Grengia in Magpakailanman (2012),2012,41,child
