name,imdb_id,byear,image,rect,height width,url,pic_description,picyear, age, kinship
George_Dolenz,nm0230948,1908,nm0230948_1.jpg,188 26 229 72,500 355,https://images-na.ssl-images-amazon.com/images/M/MV5BMTIxMTM2MTI3NF5BMl5BanBnXkFtZTcwMjI5NDY0MQ@@._V1_.jpg,Robert Armstrong  George Dolenz  Bill Kennedy  Daun Kennedy  Addison Richards  and Milburn Stone in The Royal Mounted Rides Again (1945),1945,37,parent
George_Dolenz,nm0230948,1908,nm0230948_3.jpg,393 92 464 156,617 740,https://images-na.ssl-images-amazon.com/images/M/MV5BY2RmZDVjM2MtOTcyNS00MzgwLTgyZDUtMTBlZGJkYzVmODZjXkEyXkFqcGdeQXVyMDMxMjQwMw@@._V1_.jpg,Jess Barker  Lois Collier  and George Dolenz in Girl on the Spot (1946),1946,38,parent
George_Dolenz,nm0230948,1908,nm0230948_4.jpg,281 206 359 289,501 647,https://images-na.ssl-images-amazon.com/images/M/MV5BODdhMzg5OTYtMWRjYi00YjI3LWI2YzItMWFkYzU1MmFkYzAwXkEyXkFqcGdeQXVyMDMxMjQwMw@@._V1_.jpg,Vivian Austin  George Dolenz  Fay Helm  Gloria Jean  and Ray Malone in Moonlight in Vermont (1943),1943,35,parent
George_Dolenz,nm0230948,1908,nm0230948_5.jpg,342 108 422 194,720 480,https://images-na.ssl-images-amazon.com/images/M/MV5BMTlkNzYwZmYtMzNmMC00MTVmLWI5NTAtNDU2Y2M4YThjZWE0XkEyXkFqcGdeQXVyMzk3NTUwOQ@@._V1_.jpg,George Dolenz  Fay Helm  Gloria Jean  and Ray Malone in Moonlight in Vermont (1943),1943,35,parent
George_Dolenz,nm0230948,1908,nm0230948_8.jpg,214 100 325 231,720 480,https://images-na.ssl-images-amazon.com/images/M/MV5BOGQ0MDkyMWQtODVkYy00MTExLWE2YjItOTExYWJmNzAwODI3XkEyXkFqcGdeQXVyMzk3NTUwOQ@@._V1_.jpg,Eric Blore  George Dolenz  Kirby Grant  Gloria Jean  and Mildred Law in Easy to Look At (1945),1945,37,parent
Micky_Dolenz,nm0004880,1945,nm0004880_1.jpg,340 368 438 514,1000 1312,https://images-na.ssl-images-amazon.com/images/M/MV5BZDU2NGZiMTktYmIwMy00MWNhLWE5ZDAtNjEyNjY2NDU0YTY4XkEyXkFqcGdeQXVyMjE5MzM3MjA@._V1_SY1000_CR0,Teri Garr and Micky Dolenz in Cabeza (1968),1968,23,child
Micky_Dolenz,nm0004880,1945,nm0004880_2.jpg,279 569 304 599,1000 841,https://images-na.ssl-images-amazon.com/images/M/MV5BYzVjNmVjOTctMmFiZi00OTIxLTk3MDQtYmYwMGFkNjQ0Y2Y5XkEyXkFqcGdeQXVyMjE5MzM3MjA@._V1_SY1000_CR0,Micky Dolenz  Davy Jones  Peter Tork  and The Monkees in The Monkees (1966),1966,21,child
Micky_Dolenz,nm0004880,1945,nm0004880_3.jpg,349 119 362 139,450 442,https://images-na.ssl-images-amazon.com/images/M/MV5BMTQzMzY2NDY4M15BMl5BanBnXkFtZTYwMDU5NTQ2._V1_.jpg,The Monkees Davy Jones  Mickey Dolenz  Peter Tork  Michael Nesmith on the set  1966,1966,21,child
Micky_Dolenz,nm0004880,1945,nm0004880_4.jpg,166 83 203 127,299 450,https://images-na.ssl-images-amazon.com/images/M/MV5BMTg3MTg5NzMzMl5BMl5BanBnXkFtZTYwODYzOTU2._V1_.jpg,Monkees  The Peter Tork  Micky Dolenz  David Jones  Mike Nesmith 1967 NBC,1967,22,child
Micky_Dolenz,nm0004880,1945,nm0004880_6.jpg,710 378 778 457,1000 1338,https://images-na.ssl-images-amazon.com/images/M/MV5BNzI5YmI0NjMtOGU1ZS00ZjcwLTk1YmUtZjEzMmE2NGYxOWU2XkEyXkFqcGdeQXVyMjE5MzM3MjA@._V1_SY1000_CR0,Micky Dolenz  Michael Nesmith  Peter Tork  and The Monkees in The Monkees (1966),1966,21,child
Micky_Dolenz,nm0004880,1945,nm0004880_7.jpg,213 237 254 289,1000 684,https://images-na.ssl-images-amazon.com/images/M/MV5BYTI1NzIzOTQtYjM5Ni00OWMzLTlkNjAtNWU4NmVmMDY1NTYyXkEyXkFqcGdeQXVyMjE5MzM3MjA@._V1_SY1000_CR0,Micky Dolenz in Cabeza (1968),1968,23,child
Micky_Dolenz,nm0004880,1945,nm0004880_8.jpg,136 231 259 423,1000 1482,https://images-na.ssl-images-amazon.com/images/M/MV5BODM1M2IyNGUtZGNhMi00YzcxLWJmYzMtYTdhZjc2M2Y1MGU3L2ltYWdlL2ltYWdlXkEyXkFqcGdeQXVyMjE5MzM3MjA@._V1_SY1000_CR0,Micky Dolenz  Tommy Boyce  and Davy Jones in The Wrecking Crew! (2008),2008,63,child
