name,imdb_id,byear,image,rect,height width,url,pic_description,picyear, age, kinship
Lauren_Bacall,nm0000002,1924,nm0000002_1.jpg,360 266 533 472,1000 1264,https://images-na.ssl-images-amazon.com/images/M/MV5BZWYwZTM0ZTktNWUxYS00MTRhLWJkOTktZjA1ZTg2NTcyNjM3XkEyXkFqcGdeQXVyMzAwOTU1MTk@._V1_SY1000_CR0,Lauren Bacall and Cornel Wilde in Woman's World (1954),1954,30,parent
Lauren_Bacall,nm0000002,1924,nm0000002_4.jpg,164 299 197 337,657 603,https://images-na.ssl-images-amazon.com/images/M/MV5BNGE4OWU5MDItMjk3YS00NjYxLTg0ZTktOTA2MGIzZDhiYWVhL2ltYWdlL2ltYWdlXkEyXkFqcGdeQXVyMDMxMjQwMw@@._V1_.jpg,Lauren Bacall and Gregory Peck at an event for Designios de mujer (1957),1957,33,parent
Lauren_Bacall,nm0000002,1924,nm0000002_7.jpg,276 104 323 142,1000 394,https://images-na.ssl-images-amazon.com/images/M/MV5BMjI0MjY1MjQ5NV5BMl5BanBnXkFtZTgwNjU5NTY5MjE@._V1_SY1000_CR0,Lauren Bacall and Humphrey Bogart in La senda tenebrosa (1947),1947,23,parent
Lauren_Bacall,nm0000002,1924,nm0000002_12.jpg,387 115 456 190,499 770,https://images-na.ssl-images-amazon.com/images/M/MV5BMjcxMjY0ZTEtZGY1ZC00OTk1LWEwYWQtODQ5M2M0OThkN2MxXkEyXkFqcGdeQXVyMDMxMjQwMw@@._V1_.jpg,Lauren Bacall and John Wayne in Blood Alley (1955),1955,31,parent
Stephen_H._Bogart,nm1972659,1949,nm1972659_21.jpg,104 183 131 208,338 450,https://images-na.ssl-images-amazon.com/images/M/MV5BMTM0MjIyOTQyMV5BMl5BanBnXkFtZTYwMTc0NTU2._V1_.jpg,Humphrey Bogart  Lauren Bacall  and their son  Stephen  at their Beverly Hills home with their pet boxers  1952. Modern silver gelatin  11x14  signed. © 1978 Sid Avery MPTV,1978,29,child
