name,imdb_id,byear,image,rect,height width,url,pic_description,picyear, age, kinship
Aaron_Spelling,nm0005455,1923,nm0005455_5.jpg,160 85 387 340,411 564,https://images-na.ssl-images-amazon.com/images/M/MV5BZjUyZDRhYTktZjliMy00NDgzLThiOTItMTQzNDhlZTBkZDkwXkEyXkFqcGdeQXVyMzk3NTUwOQ@@._V1_.jpg,Aaron Spelling in Vicki (1953),1953,30,parent
Tori_Spelling,nm0001760,1973,nm0001760_1.jpg,420 97 470 160,375 500,https://images-na.ssl-images-amazon.com/images/M/MV5BMjE4MTUwNTk3Ml5BMl5BanBnXkFtZTgwMDQwMTY1MjE@._V1_.jpg,Tori Spelling and Dean McDermott in True Tori (2014),2014,41,child
Tori_Spelling,nm0001760,1973,nm0001760_2.jpg,318 63 380 131,333 500,https://images-na.ssl-images-amazon.com/images/M/MV5BMTU2Nzc4Nzc2OF5BMl5BanBnXkFtZTcwNzY3MDc0Mg@@._V1_.jpg,Jennie Garth and Tori Spelling in 90210 (2008),2008,35,child
Tori_Spelling,nm0001760,1973,nm0001760_3.jpg,98 86 124 119,479 360,https://images-na.ssl-images-amazon.com/images/M/MV5BOTYyMjYyMTY3OF5BMl5BanBnXkFtZTcwMjc4Njg3MQ@@._V1_.jpg,Tori Spelling and Dean McDermott in Tori & Dean: Inn Love (2007),2007,34,child
Tori_Spelling,nm0001760,1973,nm0001760_5.jpg,162 234 215 304,1000 665,https://images-na.ssl-images-amazon.com/images/M/MV5BMTg2NDMxNjM4MF5BMl5BanBnXkFtZTgwMzc1Njc0MTE@._V1_.jpg,Jennie Garth  Tori Spelling  and George Ketsios in Mystery Girls (2014),2014,41,child
Tori_Spelling,nm0001760,1973,nm0001760_6.jpg,115 53 140 84,477 360,https://images-na.ssl-images-amazon.com/images/M/MV5BMjE4MTkwNDkwMF5BMl5BanBnXkFtZTcwNzc4Njg3MQ@@._V1_.jpg,Tori Spelling and Dean McDermott in Tori & Dean: Inn Love (2007),2007,34,child
Tori_Spelling,nm0001760,1973,nm0001760_7.jpg,281 53 342 122,333 500,https://images-na.ssl-images-amazon.com/images/M/MV5BMTc4NzQ2MTg3NV5BMl5BanBnXkFtZTcwNjk3ODc0Mg@@._V1_.jpg,Tori Spelling in 90210 (2008),2008,35,child
Tori_Spelling,nm0001760,1973,nm0001760_9.jpg,150 74 182 117,425 640,https://images-na.ssl-images-amazon.com/images/M/MV5BMTM3OTM0MjYyMl5BMl5BanBnXkFtZTcwMjg3MjY3OA@@._V1_.jpg,Tori Spelling and Britani Bateman Underwood in The Mistle-Tones (2012),2012,39,child
Tori_Spelling,nm0001760,1973,nm0001760_12.jpg,125 110 212 206,400 310,https://images-na.ssl-images-amazon.com/images/M/MV5BMjExNTEwMDAyN15BMl5BanBnXkFtZTYwMTQyMTgz._V1_.jpg,Tori Spelling at an event for 2006 MuchMusic Video Awards (2006),2006,33,child
Tori_Spelling,nm0001760,1973,nm0001760_14.jpg,344 117 407 223,375 500,https://images-na.ssl-images-amazon.com/images/M/MV5BMjM2NjcyMjQ0OV5BMl5BanBnXkFtZTgwNTYzODQ1MjE@._V1_.jpg,Tori Spelling and Dean McDermott in True Tori (2014),2014,41,child
Tori_Spelling,nm0001760,1973,nm0001760_18.jpg,204 210 228 243,640 425,https://images-na.ssl-images-amazon.com/images/M/MV5BMjgzNTc5NzMxOV5BMl5BanBnXkFtZTcwODc3MjY3OA@@._V1_.jpg,Tori Spelling and Britani Bateman Underwood in The Mistle-Tones (2012),2012,39,child
Tori_Spelling,nm0001760,1973,nm0001760_19.jpg,91 61 170 144,400 316,https://images-na.ssl-images-amazon.com/images/M/MV5BMTQyMzQ1MjUxMl5BMl5BanBnXkFtZTYwNDc3NTE0._V1_.jpg,Tori Spelling at an event for American Idol: The Search for a Superstar (2002),2002,29,child
Tori_Spelling,nm0001760,1973,nm0001760_20.jpg,233 139 313 224,267 400,https://images-na.ssl-images-amazon.com/images/M/MV5BMTYyNTI5MTc3MF5BMl5BanBnXkFtZTYwOTQ0NjY1._V1_.jpg,Tori Spelling and Dean McDermott at an event for 2006 MuchMusic Video Awards (2006),2006,33,child
Tori_Spelling,nm0001760,1973,nm0001760_22.jpg,349 113 377 157,333 500,https://images-na.ssl-images-amazon.com/images/M/MV5BMTc2MDQ4MTE3Ml5BMl5BanBnXkFtZTcwOTU4ODkzMg@@._V1_.jpg,Tori Spelling and Tom Welling in Smallville (2001),2001,28,child
Tori_Spelling,nm0001760,1973,nm0001760_23.jpg,102 114 181 208,400 283,https://images-na.ssl-images-amazon.com/images/M/MV5BNTY2NjMxOTAwNF5BMl5BanBnXkFtZTYwMzUzNzQ1._V1_.jpg,Tori Spelling at an event for 2006 MuchMusic Video Awards (2006),2006,33,child
Tori_Spelling,nm0001760,1973,nm0001760_25.jpg,219 93 274 169,375 500,https://images-na.ssl-images-amazon.com/images/M/MV5BMTk4ODE1NzIyMl5BMl5BanBnXkFtZTgwMDEyNDc5MjE@._V1_.jpg,Tori Spelling in Mystery Girls (2014),2014,41,child
Tori_Spelling,nm0001760,1973,nm0001760_27.jpg,212 129 243 169,640 425,https://images-na.ssl-images-amazon.com/images/M/MV5BMTc4ODgwMTQxNV5BMl5BanBnXkFtZTcwNzc3MjY3OA@@._V1_.jpg,Tori Spelling in The Mistle-Tones (2012),2012,39,child
Tori_Spelling,nm0001760,1973,nm0001760_29.jpg,110 188 193 286,1000 666,https://images-na.ssl-images-amazon.com/images/M/MV5BMjQ0NTk1OTE1M15BMl5BanBnXkFtZTgwOTM0MDkxOTE@._V1_SY1000_CR0,Tori Spelling  Emily Meade  and Leila George in Mother  May I Sleep with Danger? (2016),2016,43,child
Tori_Spelling,nm0001760,1973,nm0001760_30.jpg,244 92 306 174,375 500,https://images-na.ssl-images-amazon.com/images/M/MV5BMjA4NjQ0MDAwMV5BMl5BanBnXkFtZTgwNTc2NTc5MjE@._V1_.jpg,Tori Spelling in Mystery Girls (2014),2014,41,child
Tori_Spelling,nm0001760,1973,nm0001760_33.jpg,93 109 184 216,400 274,https://images-na.ssl-images-amazon.com/images/M/MV5BMTY4NTI3NDE2N15BMl5BanBnXkFtZTYwODMyMTgz._V1_.jpg,Tori Spelling at an event for 2006 MuchMusic Video Awards (2006),2006,33,child
Tori_Spelling,nm0001760,1973,nm0001760_36.jpg,367 97 397 143,375 500,https://images-na.ssl-images-amazon.com/images/M/MV5BMTYxOTM0MjA2NF5BMl5BanBnXkFtZTgwNzQ1MjYyMjE@._V1_.jpg,Tori Spelling in Tia & Tamera (2011),2011,38,child
Tori_Spelling,nm0001760,1973,nm0001760_37.jpg,301 303 441 473,1000 1500,https://images-na.ssl-images-amazon.com/images/M/MV5BMTI2NjQ2MTA1Nl5BMl5BanBnXkFtZTcwMTQ4MjE0Mg@@._V1_SY1000_SX1500_AL_.jpg,Tori Spelling  Alexandra Wentworth  and Dean McDermott in Head Case (2007),2007,34,child
Tori_Spelling,nm0001760,1973,nm0001760_38.jpg,81 94 134 153,400 333,https://images-na.ssl-images-amazon.com/images/M/MV5BMTY1MDQ3NzQ4NF5BMl5BanBnXkFtZTYwMTUyMTgz._V1_.jpg,Tori Spelling and Paris Hilton at an event for 2006 MuchMusic Video Awards (2006),2006,33,child
Tori_Spelling,nm0001760,1973,nm0001760_39.jpg,257 81 293 122,333 500,https://images-na.ssl-images-amazon.com/images/M/MV5BMjE4OTY4NDUwOV5BMl5BanBnXkFtZTcwMDk3ODc0Mg@@._V1_.jpg,Tori Spelling in 90210 (2008),2008,35,child
Tori_Spelling,nm0001760,1973,nm0001760_43.jpg,73 113 116 175,479 360,https://images-na.ssl-images-amazon.com/images/M/MV5BMjE1MDI3ODAyOV5BMl5BanBnXkFtZTcwNjc4Njg3MQ@@._V1_.jpg,Tori Spelling and Dean McDermott in Tori & Dean: Inn Love (2007),2007,34,child
Tori_Spelling,nm0001760,1973,nm0001760_46.jpg,409 95 447 141,375 500,https://images-na.ssl-images-amazon.com/images/M/MV5BMTQ0MTY2NzczOF5BMl5BanBnXkFtZTgwNTE5OTQ1MjE@._V1_.jpg,Tori Spelling and Dean McDermott in True Tori (2014),2014,41,child
Tori_Spelling,nm0001760,1973,nm0001760_47.jpg,167 93 279 240,375 500,https://images-na.ssl-images-amazon.com/images/M/MV5BMTQ1MjE0NTUzM15BMl5BanBnXkFtZTgwMDE5OTI2MzE@._V1_.jpg,Tori Spelling in True Tori (2014),2014,41,child
Tori_Spelling,nm0001760,1973,nm0001760_49.jpg,184 345 279 465,1000 676,https://images-na.ssl-images-amazon.com/images/M/MV5BMTc3NTg2NDQ4Ml5BMl5BanBnXkFtZTcwMTg5MjU0NQ@@._V1_SY1000_CR0,Tori Spelling and Josh Hamilton in The House of Yes (1997),1997,24,child
Tori_Spelling,nm0001760,1973,nm0001760_50.jpg,125 63 178 133,375 500,https://images-na.ssl-images-amazon.com/images/M/MV5BMjE2MDY4NjYwOF5BMl5BanBnXkFtZTgwODI0NTc5MjE@._V1_.jpg,Jennie Garth and Tori Spelling in Mystery Girls (2014),2014,41,child
Tori_Spelling,nm0001760,1973,nm0001760_51.jpg,91 150 124 201,333 500,https://images-na.ssl-images-amazon.com/images/M/MV5BMjIxMzI5MTcyOV5BMl5BanBnXkFtZTcwMjc3MDc0Mg@@._V1_.jpg,Jennie Garth  Tori Spelling  and Diablo Cody in 90210 (2008),2008,35,child
Tori_Spelling,nm0001760,1973,nm0001760_52.jpg,124 83 242 211,500 333,https://images-na.ssl-images-amazon.com/images/M/MV5BNDEwMzExMzg4Nl5BMl5BanBnXkFtZTcwODY3MDc0Mg@@._V1_.jpg,Tori Spelling in 90210 (2008),2008,35,child
Tori_Spelling,nm0001760,1973,nm0001760_54.jpg,236 110 284 167,500 333,https://images-na.ssl-images-amazon.com/images/M/MV5BMTIzOTc2NDY3OF5BMl5BanBnXkFtZTcwOTY3MDc0Mg@@._V1_.jpg,Tori Spelling and Diablo Cody in 90210 (2008),2008,35,child
Tori_Spelling,nm0001760,1973,nm0001760_56.jpg,146 105 218 211,500 333,https://images-na.ssl-images-amazon.com/images/M/MV5BMTk1ODI1MjQ3M15BMl5BanBnXkFtZTcwMDY4ODkzMg@@._V1_.jpg,Tori Spelling in Smallville (2001),2001,28,child
Tori_Spelling,nm0001760,1973,nm0001760_57.jpg,75 125 123 185,400 261,https://images-na.ssl-images-amazon.com/images/M/MV5BMTk3NzUyNTkzNF5BMl5BanBnXkFtZTYwNjk0NjY1._V1_.jpg,Tori Spelling and Dean McDermott at an event for 2006 MuchMusic Video Awards (2006),2006,33,child
Tori_Spelling,nm0001760,1973,nm0001760_64.jpg,292 103 385 213,1000 640,https://images-na.ssl-images-amazon.com/images/M/MV5BMTQ1NzAzMDQ5M15BMl5BanBnXkFtZTgwMTc1Njc0MTE@._V1_.jpg,Tori Spelling in Mystery Girls (2014),2014,41,child
Tori_Spelling,nm0001760,1973,nm0001760_65.jpg,154 75 241 193,375 500,https://images-na.ssl-images-amazon.com/images/M/MV5BMTQzODkxMDE5NF5BMl5BanBnXkFtZTgwMTczNTI5MzE@._V1_.jpg,Tori Spelling in True Tori (2014),2014,41,child
Tori_Spelling,nm0001760,1973,nm0001760_67.jpg,98 56 125 87,400 236,https://images-na.ssl-images-amazon.com/images/M/MV5BMTIzNDA4ODA2OF5BMl5BanBnXkFtZTYwNTMyMTgz._V1_.jpg,Tori Spelling at an event for 2006 MuchMusic Video Awards (2006),2006,33,child
Tori_Spelling,nm0001760,1973,nm0001760_70.jpg,59 59 86 92,400 237,https://images-na.ssl-images-amazon.com/images/M/MV5BMjEzMDk4MDU4Ml5BMl5BanBnXkFtZTYwNDUyMTgz._V1_.jpg,Tori Spelling and Paris Hilton at an event for 2006 MuchMusic Video Awards (2006),2006,33,child
Tori_Spelling,nm0001760,1973,nm0001760_75.jpg,145 84 198 146,375 500,https://images-na.ssl-images-amazon.com/images/M/MV5BMjI4MTc0Mjk2OF5BMl5BanBnXkFtZTgwMzE0ODQ1MjE@._V1_.jpg,Tori Spelling and Dean McDermott in True Tori (2014),2014,41,child
Tori_Spelling,nm0001760,1973,nm0001760_76.jpg,189 86 220 122,270 360,https://images-na.ssl-images-amazon.com/images/M/MV5BMTQ3NzE1MDA5NV5BMl5BanBnXkFtZTcwMTc4Njg3MQ@@._V1_.jpg,Tori Spelling and Dean McDermott in Tori & Dean: Inn Love (2007),2007,34,child
Tori_Spelling,nm0001760,1973,nm0001760_77.jpg,94 264 176 382,1000 1478,https://images-na.ssl-images-amazon.com/images/M/MV5BMTU0MDA5NTI3NV5BMl5BanBnXkFtZTcwODc5MjU0NQ@@._V1_SY1000_CR0,Parker Posey  Tori Spelling  Freddie Prinze Jr.  and Josh Hamilton in The House of Yes (1997),1997,24,child
Tori_Spelling,nm0001760,1973,nm0001760_78.jpg,110 86 132 115,400 219,https://images-na.ssl-images-amazon.com/images/M/MV5BMTU0MDg1NDk1M15BMl5BanBnXkFtZTYwNDQyMTgz._V1_.jpg,Tori Spelling and Dean McDermott at an event for 2006 MuchMusic Video Awards (2006),2006,33,child
Tori_Spelling,nm0001760,1973,nm0001760_79.jpg,120 77 184 149,400 270,https://images-na.ssl-images-amazon.com/images/M/MV5BNzk4Njg2MzI2OF5BMl5BanBnXkFtZTcwMzY1NjM1Mg@@._V1_.jpg,Tori Spelling at an event for Star Trek - El futuro comienza (2009),2009,36,child
Tori_Spelling,nm0001760,1973,nm0001760_80.jpg,268 53 292 84,333 500,https://images-na.ssl-images-amazon.com/images/M/MV5BMTU4OTkwNTQ5Nl5BMl5BanBnXkFtZTcwNjY3MDc0Mg@@._V1_.jpg,Jennie Garth and Tori Spelling in 90210 (2008),2008,35,child
Tori_Spelling,nm0001760,1973,nm0001760_82.jpg,290 87 314 117,425 640,https://images-na.ssl-images-amazon.com/images/M/MV5BMTc3NDQ3NzYyM15BMl5BanBnXkFtZTcwNjc3MjY3OA@@._V1_.jpg,Tori Spelling in The Mistle-Tones (2012),2012,39,child
Tori_Spelling,nm0001760,1973,nm0001760_86.jpg,167 68 201 113,538 360,https://images-na.ssl-images-amazon.com/images/M/MV5BMTY1NDA4NjE0Ml5BMl5BanBnXkFtZTcwMzc4Njg3MQ@@._V1_.jpg,Tori Spelling and Dean McDermott in Tori & Dean: Inn Love (2007),2007,34,child
Tori_Spelling,nm0001760,1973,nm0001760_87.jpg,564 194 643 291,1000 1399,https://images-na.ssl-images-amazon.com/images/M/MV5BMTk0MjYxNjMwNl5BMl5BanBnXkFtZTgwMjUxODU0MDI@._V1_SY1000_CR0,Tori Spelling  James Franco  Rob Sharenow  and Leila George at an event for Mother  May I Sleep with Danger? (2016),2016,43,child
Tori_Spelling,nm0001760,1973,nm0001760_88.jpg,318 69 337 106,640 425,https://images-na.ssl-images-amazon.com/images/M/MV5BMTczMTY4MTA5M15BMl5BanBnXkFtZTcwNDg3MjY3OA@@._V1_.jpg,Tori Spelling and Tia Mowry-Hardrict in The Mistle-Tones (2012),2012,39,child
Tori_Spelling,nm0001760,1973,nm0001760_89.jpg,95 129 135 175,400 311,https://images-na.ssl-images-amazon.com/images/M/MV5BMTQwMjk3NTQ0MF5BMl5BanBnXkFtZTYwNjUzNzQ1._V1_.jpg,Tori Spelling and Dean McDermott at an event for 2006 MuchMusic Video Awards (2006),2006,33,child
Tori_Spelling,nm0001760,1973,nm0001760_91.jpg,195 113 319 272,375 500,https://images-na.ssl-images-amazon.com/images/M/MV5BMTcwNzc3NTYxMl5BMl5BanBnXkFtZTgwMjI3NjU1MjE@._V1_.jpg,Tori Spelling in True Tori (2014),2014,41,child
Tori_Spelling,nm0001760,1973,nm0001760_92.jpg,29 88 94 175,375 500,https://images-na.ssl-images-amazon.com/images/M/MV5BNjI2MTMxMDE5NV5BMl5BanBnXkFtZTgwOTc4Mjg5MjE@._V1_.jpg,Jennie Garth and Tori Spelling in Mystery Girls (2014),2014,41,child
Tori_Spelling,nm0001760,1973,nm0001760_93.jpg,456 91 487 152,426 640,https://images-na.ssl-images-amazon.com/images/M/MV5BMjIwNzgyNDk5N15BMl5BanBnXkFtZTcwNTg3MjY3OA@@._V1_.jpg,Tori Spelling and Tia Mowry-Hardrict in The Mistle-Tones (2012),2012,39,child
Tori_Spelling,nm0001760,1973,nm0001760_94.jpg,336 80 397 159,425 640,https://images-na.ssl-images-amazon.com/images/M/MV5BMjA5OTU2NjM2Ml5BMl5BanBnXkFtZTcwMDg3MjY3OA@@._V1_.jpg,Tori Spelling in The Mistle-Tones (2012),2012,39,child
Tori_Spelling,nm0001760,1973,nm0001760_95.jpg,90 74 164 159,400 268,https://images-na.ssl-images-amazon.com/images/M/MV5BMTc2MzI1MDM5MF5BMl5BanBnXkFtZTYwNTQ0MDc1._V1_.jpg,Tori Spelling at an event for So Notorious (2006),2006,33,child
Tori_Spelling,nm0001760,1973,nm0001760_97.jpg,135 201 176 248,640 443,https://images-na.ssl-images-amazon.com/images/M/MV5BMTk3MDcwNjMxOF5BMl5BanBnXkFtZTcwNzg3MjY3OA@@._V1_.jpg,Tori Spelling and Tia Mowry-Hardrict in The Mistle-Tones (2012),2012,39,child
Tori_Spelling,nm0001760,1973,nm0001760_100.jpg,292 371 421 543,1000 1478,https://images-na.ssl-images-amazon.com/images/M/MV5BMTY3OTc2OTcxOF5BMl5BanBnXkFtZTcwNzc5MjU0NQ@@._V1_SY1000_CR0,Parker Posey  Tori Spelling  and Josh Hamilton in The House of Yes (1997),1997,24,child
Tori_Spelling,nm0001760,1973,nm0001760_101.jpg,103 92 193 198,400 267,https://images-na.ssl-images-amazon.com/images/M/MV5BMTgyMjYzNDU1Nl5BMl5BanBnXkFtZTYwOTk0NjY1._V1_.jpg,Tori Spelling at an event for 2006 MuchMusic Video Awards (2006),2006,33,child
Tori_Spelling,nm0001760,1973,nm0001760_105.jpg,76 106 111 149,400 274,https://images-na.ssl-images-amazon.com/images/M/MV5BMTY2NjQ5Nzc0NF5BMl5BanBnXkFtZTYwODQyMTgz._V1_.jpg,Tori Spelling and Dean McDermott at an event for 2006 MuchMusic Video Awards (2006),2006,33,child
Tori_Spelling,nm0001760,1973,nm0001760_107.jpg,284 125 320 171,425 640,https://images-na.ssl-images-amazon.com/images/M/MV5BMTYxMzk4MjcxNF5BMl5BanBnXkFtZTcwODg3MjY3OA@@._V1_.jpg,Tori Spelling and Britani Bateman Underwood in The Mistle-Tones (2012),2012,39,child
Tori_Spelling,nm0001760,1973,nm0001760_108.jpg,150 101 200 158,500 333,https://images-na.ssl-images-amazon.com/images/M/MV5BMTI1MDU2MDg0Nl5BMl5BanBnXkFtZTcwNzY4ODkzMg@@._V1_.jpg,Tori Spelling in Smallville (2001),2001,28,child
Tori_Spelling,nm0001760,1973,nm0001760_111.jpg,221 224 243 255,640 425,https://images-na.ssl-images-amazon.com/images/M/MV5BMTAyMTkzNjAyOTVeQTJeQWpwZ15BbWU3MDk4NzI2Nzg@._V1_.jpg,Tori Spelling and Britani Bateman Underwood in The Mistle-Tones (2012),2012,39,child
Tori_Spelling,nm0001760,1973,nm0001760_112.jpg,63 74 123 147,375 500,https://images-na.ssl-images-amazon.com/images/M/MV5BMjM3MzE2NDE5Ml5BMl5BanBnXkFtZTgwNzI0NTc5MjE@._V1_.jpg,Jennie Garth and Tori Spelling in Mystery Girls (2014),2014,41,child
Tori_Spelling,nm0001760,1973,nm0001760_113.jpg,274 74 341 156,375 500,https://images-na.ssl-images-amazon.com/images/M/MV5BMTE0MTI4ODc5NDReQTJeQWpwZ15BbWU4MDk3NTU3OTIx._V1_.jpg,Jennie Garth and Tori Spelling in Mystery Girls (2014),2014,41,child
Tori_Spelling,nm0001760,1973,nm0001760_114.jpg,143 103 198 168,375 500,https://images-na.ssl-images-amazon.com/images/M/MV5BMTQ4MTQ3OTcxNl5BMl5BanBnXkFtZTgwNDI0NTc5MjE@._V1_.jpg,Jennie Garth and Tori Spelling in Mystery Girls (2014),2014,41,child
Tori_Spelling,nm0001760,1973,nm0001760_115.jpg,254 188 280 218,640 425,https://images-na.ssl-images-amazon.com/images/M/MV5BNjgzOTM3NDg5OF5BMl5BanBnXkFtZTcwNjg3MjY3OA@@._V1_.jpg,Tori Spelling in The Mistle-Tones (2012),2012,39,child
Tori_Spelling,nm0001760,1973,nm0001760_117.jpg,125 38 155 76,400 274,https://images-na.ssl-images-amazon.com/images/M/MV5BMTI4MzAzNzU4NV5BMl5BanBnXkFtZTYwMTU0MDc1._V1_.jpg,Tori Spelling at an event for So Notorious (2006),2006,33,child
Tori_Spelling,nm0001760,1973,nm0001760_121.jpg,102 81 168 160,375 500,https://images-na.ssl-images-amazon.com/images/M/MV5BMjE0MjE0MjEyMF5BMl5BanBnXkFtZTgwMjI0NTc5MjE@._V1_.jpg,Jennie Garth and Tori Spelling in Mystery Girls (2014),2014,41,child
Tori_Spelling,nm0001760,1973,nm0001760_122.jpg,816 163 933 304,1000 1500,https://images-na.ssl-images-amazon.com/images/M/MV5BMTg2MzE5ODM5OF5BMl5BanBnXkFtZTgwNDQ0MDkxOTE@._V1_SY1000_SX1500_AL_.jpg,Tori Spelling in Mother  May I Sleep with Danger? (2016),2016,43,child
Tori_Spelling,nm0001760,1973,nm0001760_123.jpg,250 113 300 168,284 400,https://images-na.ssl-images-amazon.com/images/M/MV5BMjA1MjU3NzU5OV5BMl5BanBnXkFtZTYwMjA1NjY1._V1_.jpg,Tori Spelling and Dean McDermott at an event for 2006 MuchMusic Video Awards (2006),2006,33,child
Tori_Spelling,nm0001760,1973,nm0001760_124.jpg,74 102 110 144,400 289,https://images-na.ssl-images-amazon.com/images/M/MV5BMTgzMTE5MzQ4N15BMl5BanBnXkFtZTYwODQ0MDc1._V1_.jpg,Tori Spelling and Dean McDermott at an event for So Notorious (2006),2006,33,child
Tori_Spelling,nm0001760,1973,nm0001760_127.jpg,3 87 179 300,375 500,https://images-na.ssl-images-amazon.com/images/M/MV5BNjc4NjMxMTI1MV5BMl5BanBnXkFtZTgwOTIxNTU2MzE@._V1_.jpg,Tori Spelling in True Tori (2014),2014,41,child
