name,imdb_id,byear,image,rect,height width,url,pic_description,picyear, age, kinship
Hema_Malini,nm0004564,1948,nm0004564_1.jpg,375 252 527 444,1000 667,https://images-na.ssl-images-amazon.com/images/M/MV5BMzY5ZjI0ZDAtZDA2ZS00MjdhLWJmMWUtZjljNzcyZjU1OGM1XkEyXkFqcGdeQXVyNDUzOTQ5MjY@._V1_SY1000_CR0,Dharmendra and Hema Malini in Alibaba Aur 40 Chor (1980),1980,32,parent
Hema_Malini,nm0004564,1948,nm0004564_2.jpg,659 411 779 604,1000 942,https://images-na.ssl-images-amazon.com/images/M/MV5BMTVkYTk0NTAtZjc2MC00NDM0LWE0NmEtMzNjZjdiYTNiY2QzXkEyXkFqcGdeQXVyNDUzOTQ5MjY@._V1_SY1000_CR0,Dharmendra and Hema Malini in Dillagi (1978),1978,30,parent
Hema_Malini,nm0004564,1948,nm0004564_4.jpg,991 174 1070 247,815 1145,https://images-na.ssl-images-amazon.com/images/M/MV5BMDkzZGMyYWQtNzhmMC00ZTlmLThlMzgtNGU4MDRkY2NjY2Q2XkEyXkFqcGdeQXVyNDUzOTQ5MjY@._V1_.jpg,Amitabh Bachchan  Hema Malini  Shakti Kapoor  Prem Chopra  Rishi Kapoor  Amjad Khan  Pran  and Shatrughan Sinha in Naseeb (1981),1981,33,parent
Hema_Malini,nm0004564,1948,nm0004564_4.jpg,991 174 1070 247,815 1145,https://images-na.ssl-images-amazon.com/images/M/MV5BMDkzZGMyYWQtNzhmMC00ZTlmLThlMzgtNGU4MDRkY2NjY2Q2XkEyXkFqcGdeQXVyNDUzOTQ5MjY@._V1_.jpg,Amitabh Bachchan  Hema Malini  Shakti Kapoor  Prem Chopra  Rishi Kapoor  Amjad Khan  Pran  and Shatrughan Sinha in Naseeb (1981),1981,33,parent
Hema_Malini,nm0004564,1948,nm0004564_5.jpg,121 117 231 255,1000 707,https://images-na.ssl-images-amazon.com/images/M/MV5BZmViMGU0NjYtNzI5Zi00ZDhiLTk4NTYtMWRmYTU5ZmM1MjMxXkEyXkFqcGdeQXVyNDUzOTQ5MjY@._V1_SY1000_CR0,Amitabh Bachchan  Hema Malini  Rishi Kapoor  Reena Roy  and Shatrughan Sinha in Naseeb (1981),1981,33,parent
Hema_Malini,nm0004564,1948,nm0004564_6.jpg,471 467 589 618,1000 757,https://images-na.ssl-images-amazon.com/images/M/MV5BNTkyOWQxODAtNzQzNy00ZTdhLTk5ZmQtNTE5ZDhkY2FhMjhiXkEyXkFqcGdeQXVyNDUzOTQ5MjY@._V1_SY1000_CR0,Dharmendra and Hema Malini in Raja Jani (1972),1972,24,parent
Hema_Malini,nm0004564,1948,nm0004564_7.jpg,530 397 665 559,1000 699,https://images-na.ssl-images-amazon.com/images/M/MV5BZjdmOTA5OTctYTdmYi00ZWZmLTkyYjctNWY0MDM3YzgzM2UwXkEyXkFqcGdeQXVyNDUzOTQ5MjY@._V1_SY1000_CR0,Amitabh Bachchan and Hema Malini in Nastik (1983),1983,35,parent
Hema_Malini,nm0004564,1948,nm0004564_8.jpg,245 119 277 148,475 332,https://images-na.ssl-images-amazon.com/images/M/MV5BODYyNjg5Mjc4Nl5BMl5BanBnXkFtZTYwOTgzNjg4._V1_.jpg,Dharmendra and Hema Malini in The Burning Train (1980),1980,32,parent
Hema_Malini,nm0004564,1948,nm0004564_9.jpg,393 754 530 889,999 715,https://images-na.ssl-images-amazon.com/images/M/MV5BODA0YmRlOTMtOTVlNy00NzljLThlZTgtMzAxNTc5OTcwN2Y2XkEyXkFqcGdeQXVyNDUzOTQ5MjY@._V1_SX715_CR0,Amitabh Bachchan  Hema Malini  Parveen Babi  and Navin Nischol in Desh Premee (1982),1982,34,parent
Hema_Malini,nm0004564,1948,nm0004564_9.jpg,393 754 530 889,999 715,https://images-na.ssl-images-amazon.com/images/M/MV5BODA0YmRlOTMtOTVlNy00NzljLThlZTgtMzAxNTc5OTcwN2Y2XkEyXkFqcGdeQXVyNDUzOTQ5MjY@._V1_SX715_CR0,Amitabh Bachchan  Hema Malini  Parveen Babi  and Navin Nischol in Desh Premee (1982),1982,34,parent
Hema_Malini,nm0004564,1948,nm0004564_10.jpg,162 281 294 440,999 715,https://images-na.ssl-images-amazon.com/images/M/MV5BODA0YmRlOTMtOTVlNy00NzljLThlZTgtMzAxNTc5OTcwN2Y2XkEyXkFqcGdeQXVyNDUzOTQ5MjY@._V1_SX715_CR0,Amitabh Bachchan  Hema Malini  Parveen Babi  and Navin Nischol in Desh Premee (1982),1982,34,parent
Hema_Malini,nm0004564,1948,nm0004564_10.jpg,162 281 294 440,999 715,https://images-na.ssl-images-amazon.com/images/M/MV5BODA0YmRlOTMtOTVlNy00NzljLThlZTgtMzAxNTc5OTcwN2Y2XkEyXkFqcGdeQXVyNDUzOTQ5MjY@._V1_SX715_CR0,Amitabh Bachchan  Hema Malini  Parveen Babi  and Navin Nischol in Desh Premee (1982),1982,34,parent
Hema_Malini,nm0004564,1948,nm0004564_14.jpg,36 279 102 361,427 300,https://images-na.ssl-images-amazon.com/images/M/MV5BZjAyY2EzMjQtMjJlMy00ZGRkLTk0YjAtZjA2Y2U1ODJkOTZiXkEyXkFqcGdeQXVyMjU4NDY1ODA@._V1_.jpg,Rajesh Khanna  Hema Malini  and Poonam Dhillon in Dard (Conflict of Emotions) (1981),1981,33,parent
Hema_Malini,nm0004564,1948,nm0004564_15.jpg,547 561 762 857,1000 763,https://images-na.ssl-images-amazon.com/images/M/MV5BNzVlNGQ3ZjctMGZiOS00ZWYxLTk2MWEtODQ3MzY5YTg1ZjcxXkEyXkFqcGdeQXVyNDUzOTQ5MjY@._V1_SY1000_CR0,Shammi Kapoor  Rajesh Khanna  and Hema Malini in Andaz (1971),1971,23,parent
Hema_Malini,nm0004564,1948,nm0004564_17.jpg,130 199 245 326,500 355,https://images-na.ssl-images-amazon.com/images/M/MV5BNDk0N2M5NmUtMjFiNi00N2E0LTg5MjAtZTYzMzFjODA5ZmY1XkEyXkFqcGdeQXVyMjU4NDY1ODA@._V1_.jpg,Hema Malini  Raj Babbar  and Pran in Durgaa (1985),1985,37,parent
Hema_Malini,nm0004564,1948,nm0004564_18.jpg,43 237 263 460,1000 782,https://images-na.ssl-images-amazon.com/images/M/MV5BMjhhZWRhZmQtY2E0ZC00YWJlLWJlYWQtYjNjNTY2NThmZTljXkEyXkFqcGdeQXVyNDUzOTQ5MjY@._V1_SY1000_CR0,Amitabh Bachchan  Hema Malini  Shakti Kapoor  Aradhana Deshpande  Vimal Sahu  Prema Narayan  Paintal  Asha Sachdev  Sudhir  Madhu Malhotra  Sachin Pilgaonkar  Kanwaljit Singh  and Ranjeeta Kaur in Satte Pe Satta (1982),1982,34,parent
Sunny_Deol,nm0219971,1957,nm0219971_2.jpg,26 203 265 477,1000 669,https://images-na.ssl-images-amazon.com/images/M/MV5BMGYwYmE5OGItMWM3Ni00MWZiLWJhM2MtNjFjOTY1ZGUwZjZkXkEyXkFqcGdeQXVyNDUzOTQ5MjY@._V1_SY1000_CR0,Sunny Deol  Saif Ali Khan  and Raveena Tandon in Imtihaan (1994),1994,37,child
Sunny_Deol,nm0219971,1957,nm0219971_3.jpg,385 164 461 247,768 1024,https://images-na.ssl-images-amazon.com/images/M/MV5BOTM2NDg4ZDgtMzM2Ny00NzQxLWE0M2QtZjE5YzA2N2IxMTJmXkEyXkFqcGdeQXVyNDUzOTQ5MjY@._V1_.jpg,Sunny Deol in Big Brother (2007),2007,50,child
Sunny_Deol,nm0219971,1957,nm0219971_4.jpg,43 146 153 287,500 375,https://images-na.ssl-images-amazon.com/images/M/MV5BMjAyOTUzNDY5NF5BMl5BanBnXkFtZTgwNzc1NDgyNjE@._V1_.jpg,Juhi Chawla  Sunny Deol  and Shah Rukh Khan in Darr (1993),1993,36,child
Sunny_Deol,nm0219971,1957,nm0219971_5.jpg,305 143 551 417,861 786,https://images-na.ssl-images-amazon.com/images/M/MV5BZDE5YmZmOGMtODU1Ny00Mzg3LWEwZjUtZjUwY2VjYmUyMjc0XkEyXkFqcGdeQXVyMjU4NDY1ODA@._V1_.jpg,Tabu and Sunny Deol in Khuda Kasam (2010),2010,53,child
Sunny_Deol,nm0219971,1957,nm0219971_6.jpg,238 156 378 309,1000 796,https://images-na.ssl-images-amazon.com/images/M/MV5BNmE3NmY3MzgtZTliYi00ZWMxLWJjNDMtOTdlM2ExNjcyM2VjXkEyXkFqcGdeQXVyNDUzOTQ5MjY@._V1_SY1000_CR0,Urmila Matondkar  Bobby Deol  and Sunny Deol in Dillagi (1999),1999,42,child
