name,imdb_id,byear,image,rect,height width,url,pic_description,picyear, age, kinship
Rajesh_Khanna,nm0004435,1942,nm0004435_1.jpg,167 200 304 387,1000 666,https://images-na.ssl-images-amazon.com/images/M/MV5BYjYxYWM2MGYtYmNiNi00N2M0LWIxZDctODE5YWYzYjljMDc1XkEyXkFqcGdeQXVyNDUzOTQ5MjY@._V1_SY1000_CR0,Rajesh Khanna and Sharmila Tagore in Aavishkar (1974),1974,32,parent
Rajesh_Khanna,nm0004435,1942,nm0004435_1.jpg,167 200 304 387,1000 666,https://images-na.ssl-images-amazon.com/images/M/MV5BYjYxYWM2MGYtYmNiNi00N2M0LWIxZDctODE5YWYzYjljMDc1XkEyXkFqcGdeQXVyNDUzOTQ5MjY@._V1_SY1000_CR0,Rajesh Khanna and Sharmila Tagore in Aavishkar (1974),1974,32,parent
Rajesh_Khanna,nm0004435,1942,nm0004435_1.jpg,167 200 304 387,1000 666,https://images-na.ssl-images-amazon.com/images/M/MV5BYjYxYWM2MGYtYmNiNi00N2M0LWIxZDctODE5YWYzYjljMDc1XkEyXkFqcGdeQXVyNDUzOTQ5MjY@._V1_SY1000_CR0,Rajesh Khanna and Sharmila Tagore in Aavishkar (1974),1974,32,parent
Rajesh_Khanna,nm0004435,1942,nm0004435_3.jpg,256 605 296 658,1000 666,https://images-na.ssl-images-amazon.com/images/M/MV5BYjYxYWM2MGYtYmNiNi00N2M0LWIxZDctODE5YWYzYjljMDc1XkEyXkFqcGdeQXVyNDUzOTQ5MjY@._V1_SY1000_CR0,Rajesh Khanna and Sharmila Tagore in Aavishkar (1974),1974,32,parent
Rajesh_Khanna,nm0004435,1942,nm0004435_3.jpg,256 605 296 658,1000 666,https://images-na.ssl-images-amazon.com/images/M/MV5BYjYxYWM2MGYtYmNiNi00N2M0LWIxZDctODE5YWYzYjljMDc1XkEyXkFqcGdeQXVyNDUzOTQ5MjY@._V1_SY1000_CR0,Rajesh Khanna and Sharmila Tagore in Aavishkar (1974),1974,32,parent
Rajesh_Khanna,nm0004435,1942,nm0004435_3.jpg,256 605 296 658,1000 666,https://images-na.ssl-images-amazon.com/images/M/MV5BYjYxYWM2MGYtYmNiNi00N2M0LWIxZDctODE5YWYzYjljMDc1XkEyXkFqcGdeQXVyNDUzOTQ5MjY@._V1_SY1000_CR0,Rajesh Khanna and Sharmila Tagore in Aavishkar (1974),1974,32,parent
Rajesh_Khanna,nm0004435,1942,nm0004435_4.jpg,392 122 464 231,1000 927,https://images-na.ssl-images-amazon.com/images/M/MV5BMTMwNDFiNzktMjA5ZS00NWM0LTgzMTEtODI4NDYyODI5NTI5XkEyXkFqcGdeQXVyNDUzOTQ5MjY@._V1_SY1000_CR0,Rajesh Khanna and Mumtaz in Roti (1974),1974,32,parent
Rajesh_Khanna,nm0004435,1942,nm0004435_5.jpg,263 277 356 382,604 490,https://images-na.ssl-images-amazon.com/images/M/MV5BZWNhNWE0MGMtMDg5YS00YTk1LTg0NzktZDRlZmFhOWVlNmNiXkEyXkFqcGdeQXVyMjU4NDY1ODA@._V1_.jpg,Rajesh Khanna in Aurat (1967),1967,25,parent
Rajesh_Khanna,nm0004435,1942,nm0004435_7.jpg,139 52 233 170,500 375,https://images-na.ssl-images-amazon.com/images/M/MV5BMjE3NDMyMzM4NF5BMl5BanBnXkFtZTgwODAyMDU4MzE@._V1_.jpg,Amitabh Bachchan  Rekha  and Rajesh Khanna in Namak Haraam (1973),1973,31,parent
Rajesh_Khanna,nm0004435,1942,nm0004435_7.jpg,139 52 233 170,500 375,https://images-na.ssl-images-amazon.com/images/M/MV5BMjE3NDMyMzM4NF5BMl5BanBnXkFtZTgwODAyMDU4MzE@._V1_.jpg,Amitabh Bachchan  Rekha  and Rajesh Khanna in Namak Haraam (1973),1973,31,parent
Rajesh_Khanna,nm0004435,1942,nm0004435_8.jpg,82 183 189 306,610 515,https://images-na.ssl-images-amazon.com/images/M/MV5BMTI0MmVkNTUtNmZmMy00ZDE1LWFjOTQtOWE3YmZmNThhM2Y1XkEyXkFqcGdeQXVyMjU4NDY1ODA@._V1_.jpg,Shabana Azmi  Rajesh Khanna  and Vinod Mehra in Amar Deep (1979),1979,37,parent
Rajesh_Khanna,nm0004435,1942,nm0004435_9.jpg,143 376 167 424,580 400,https://images-na.ssl-images-amazon.com/images/M/MV5BNzljMWNmYzctYmNiMC00NzFmLTgwNGItYTFhZWEwOGU1NDk4XkEyXkFqcGdeQXVyMjU4NDY1ODA@._V1_.jpg,Rajesh Khanna and Sharmila Tagore in Badnam Farishte (1971),1971,29,parent
Rajesh_Khanna,nm0004435,1942,nm0004435_9.jpg,143 376 167 424,580 400,https://images-na.ssl-images-amazon.com/images/M/MV5BNzljMWNmYzctYmNiMC00NzFmLTgwNGItYTFhZWEwOGU1NDk4XkEyXkFqcGdeQXVyMjU4NDY1ODA@._V1_.jpg,Rajesh Khanna and Sharmila Tagore in Badnam Farishte (1971),1971,29,parent
Rajesh_Khanna,nm0004435,1942,nm0004435_9.jpg,143 376 167 424,580 400,https://images-na.ssl-images-amazon.com/images/M/MV5BNzljMWNmYzctYmNiMC00NzFmLTgwNGItYTFhZWEwOGU1NDk4XkEyXkFqcGdeQXVyMjU4NDY1ODA@._V1_.jpg,Rajesh Khanna and Sharmila Tagore in Badnam Farishte (1971),1971,29,parent
Rajesh_Khanna,nm0004435,1942,nm0004435_12.jpg,134 453 290 627,1000 712,https://images-na.ssl-images-amazon.com/images/M/MV5BNTMyNzQyNjEtZTI2NC00ODI1LTlmZTMtNGE4M2IwNTAwYTQ1XkEyXkFqcGdeQXVyNDUzOTQ5MjY@._V1_SY1000_CR0,Rajesh Khanna  Vinod Khanna  and Mumtaz in Sachaa Jhutha (1970),1970,28,parent
Rajesh_Khanna,nm0004435,1942,nm0004435_13.jpg,91 320 151 381,546 500,https://images-na.ssl-images-amazon.com/images/M/MV5BZTdjNTdkZjUtMTJlMy00ODMwLTg0NzYtMGU1ZmI4MzQ3NGJkXkEyXkFqcGdeQXVyMjU4NDY1ODA@._V1_.jpg,Rajesh Khanna and Babita Kapoor in Doli (1969),1969,27,parent
Rajesh_Khanna,nm0004435,1942,nm0004435_14.jpg,277 116 418 291,548 459,https://images-na.ssl-images-amazon.com/images/M/MV5BNTdhY2I2MDQtNDkyMy00M2RkLTk4YmQtY2VkZGQ5MDI5MTNlXkEyXkFqcGdeQXVyMjU4NDY1ODA@._V1_.jpg,Rajesh Khanna and Sadhana in Dil Daulat Duniya (1972),1972,30,parent
Rajesh_Khanna,nm0004435,1942,nm0004435_14.jpg,277 116 418 291,548 459,https://images-na.ssl-images-amazon.com/images/M/MV5BNTdhY2I2MDQtNDkyMy00M2RkLTk4YmQtY2VkZGQ5MDI5MTNlXkEyXkFqcGdeQXVyMjU4NDY1ODA@._V1_.jpg,Rajesh Khanna and Sadhana in Dil Daulat Duniya (1972),1972,30,parent
Rajesh_Khanna,nm0004435,1942,nm0004435_15.jpg,164 45 277 149,284 475,https://images-na.ssl-images-amazon.com/images/M/MV5BNGRjMzU1YzUtNzJkNi00MWY4LWI3ZWYtOWFhMzhmZDM4MDM4XkEyXkFqcGdeQXVyMjU4NDY1ODA@._V1_.jpg,Rekha  Rajesh Khanna  and Moushumi Chatterjee in Prem Bandhan (1979),1979,37,parent
Twinkle_Khanna,nm0007012,1974,nm0007012_1.jpg,205 307 257 369,1000 680,https://images-na.ssl-images-amazon.com/images/M/MV5BZWY1NTRlZGUtOWRkMy00M2Y2LWJkNDQtM2Q2ODU1ZTI4NjAzXkEyXkFqcGdeQXVyNDUzOTQ5MjY@._V1_SY1000_CR0,Twinkle Khanna and Govinda in Joru Ka Ghulam (2000),2000,26,child
Twinkle_Khanna,nm0007012,1974,nm0007012_2.jpg,901 164 954 226,1000 1491,https://images-na.ssl-images-amazon.com/images/M/MV5BMzc5MzcxYTktOTlmMS00YzFkLWE3MTktMDRiMTY3ZTRlNmVlXkEyXkFqcGdeQXVyNDUzOTQ5MjY@._V1_.jpg,Twinkle Khanna and Shah Rukh Khan in Baadshah (1999),1999,25,child
Twinkle_Khanna,nm0007012,1974,nm0007012_3.jpg,37 412 58 433,438 350,https://images-na.ssl-images-amazon.com/images/M/MV5BYTUwZTc0ZDgtYzc0OC00NWIxLTk0N2UtYzhmODhlMGMwOWE2XkEyXkFqcGdeQXVyMjU4NDY1ODA@._V1_.jpg,Twinkle Khanna and Saif Ali Khan in Yeh Hai Mumbai Meri Jaan (1999),1999,25,child
Twinkle_Khanna,nm0007012,1974,nm0007012_4.jpg,769 82 821 137,860 1279,https://images-na.ssl-images-amazon.com/images/M/MV5BY2FhYWVjNzItNDViZi00ZGNlLTlmZDktNmE0ODVlOTlmNDIyXkEyXkFqcGdeQXVyNDUzOTQ5MjY@._V1_.jpg,Twinkle Khanna and Shah Rukh Khan in Baadshah (1999),1999,25,child
Twinkle_Khanna,nm0007012,1974,nm0007012_5.jpg,379 205 457 300,1000 1405,https://images-na.ssl-images-amazon.com/images/M/MV5BZDk1MTM1MGItYzg2NC00MDM5LWI1MzEtZDdjYzQ0MDVhYjI4XkEyXkFqcGdeQXVyNDUzOTQ5MjY@._V1_.jpg,Twinkle Khanna and Govinda in Joru Ka Ghulam (2000),2000,26,child
Twinkle_Khanna,nm0007012,1974,nm0007012_6.jpg,32 115 156 267,500 353,https://images-na.ssl-images-amazon.com/images/M/MV5BMzM3NDkwMzA0OV5BMl5BanBnXkFtZTcwOTk1ODgzMQ@@._V1_.jpg,Twinkle Khanna and Bobby Deol in Barsaat (1995),1995,21,child
Twinkle_Khanna,nm0007012,1974,nm0007012_8.jpg,138 96 163 123,400 267,https://images-na.ssl-images-amazon.com/images/M/MV5BMTQ1Nzk4MTM5Nl5BMl5BanBnXkFtZTcwMTM5NTQyMg@@._V1_.jpg,Twinkle Khanna and Akshay Kumar at an event for Chandni Chowk to China (2009),2009,35,child
Twinkle_Khanna,nm0007012,1974,nm0007012_9.jpg,108 161 159 225,1000 666,https://images-na.ssl-images-amazon.com/images/M/MV5BYWUxNzBhNTEtNzNmYi00NjE1LWI4ZTMtYThmZTQ4MWZjZGYwXkEyXkFqcGdeQXVyNDUzOTQ5MjY@._V1_SY1000_CR0,Twinkle Khanna and Shah Rukh Khan in Baadshah (1999),1999,25,child
Twinkle_Khanna,nm0007012,1974,nm0007012_11.jpg,962 382 1012 436,1000 1405,https://images-na.ssl-images-amazon.com/images/M/MV5BZDk1MTM1MGItYzg2NC00MDM5LWI1MzEtZDdjYzQ0MDVhYjI4XkEyXkFqcGdeQXVyNDUzOTQ5MjY@._V1_.jpg,Twinkle Khanna and Govinda in Joru Ka Ghulam (2000),2000,26,child
Twinkle_Khanna,nm0007012,1974,nm0007012_13.jpg,434 363 495 393,600 600,https://images-na.ssl-images-amazon.com/images/M/MV5BOGEyYzQwOGEtMTdmMy00MmM4LTk4OTEtMGViZWVmMzhlMTI3XkEyXkFqcGdeQXVyMjU4NDY1ODA@._V1_.jpg,Twinkle Khanna and Ajay Devgn in Itihaas (1997),1997,23,child
Twinkle_Khanna,nm0007012,1974,nm0007012_14.jpg,0 77 112 199,438 350,https://images-na.ssl-images-amazon.com/images/M/MV5BYTUwZTc0ZDgtYzc0OC00NWIxLTk0N2UtYzhmODhlMGMwOWE2XkEyXkFqcGdeQXVyMjU4NDY1ODA@._V1_.jpg,Twinkle Khanna and Saif Ali Khan in Yeh Hai Mumbai Meri Jaan (1999),1999,25,child
Twinkle_Khanna,nm0007012,1974,nm0007012_15.jpg,125 183 217 275,770 564,https://images-na.ssl-images-amazon.com/images/M/MV5BY2VjNDE2YWYtYWMyYy00YjRmLWI1ZmUtNDIyMTgwNWIyZGIzXkEyXkFqcGdeQXVyMjU4NDY1ODA@._V1_.jpg,Twinkle Khanna and Akshay Kumar in Zulmi (1999),1999,25,child
Twinkle_Khanna,nm0007012,1974,nm0007012_16.jpg,355 124 534 231,600 600,https://images-na.ssl-images-amazon.com/images/M/MV5BOGEyYzQwOGEtMTdmMy00MmM4LTk4OTEtMGViZWVmMzhlMTI3XkEyXkFqcGdeQXVyMjU4NDY1ODA@._V1_.jpg,Twinkle Khanna and Ajay Devgn in Itihaas (1997),1997,23,child
