name,imdb_id,byear,image,rect,height width,url,pic_description,picyear, age, kinship
Jennifer_Jones,nm0428354,1919,nm0428354_1.jpg,192 253 304 349,486 640,https://images-na.ssl-images-amazon.com/images/M/MV5BNDVhZWVkZWItZGIyMS00NzdkLWIwZmQtMTI4MjlmNWZhOTMyXkEyXkFqcGdeQXVyMTk2MzI2Ng@@._V1_.jpg,Charles Boyer and Jennifer Jones in El pecado de Cluny Brown (1946),1946,27,parent
Jennifer_Jones,nm0428354,1919,nm0428354_2.jpg,604 203 668 299,1000 1302,https://images-na.ssl-images-amazon.com/images/M/MV5BMjE3OTQ4NTM3M15BMl5BanBnXkFtZTcwMjcyNDQyNw@@._V1_SY1000_CR0,Van Heflin  Paul Cavanagh  and Jennifer Jones in Madame Bovary (1949),1949,30,parent
Jennifer_Jones,nm0428354,1919,nm0428354_3.jpg,509 121 582 198,565 800,https://images-na.ssl-images-amazon.com/images/M/MV5BZWE0OWI2ZTYtODA4OS00MGU3LTkyMjktZTMzOTM0MDQzMDg0XkEyXkFqcGdeQXVyMDUyOTUyNQ@@._V1_.jpg,Shirley Temple  Claudette Colbert  and Jennifer Jones in Desde que te fuiste (1944),1944,25,parent
Robert_Walker_Jr.,nm0907480,1940,nm0907480_1.jpg,284 295 385 417,1000 1333,https://images-na.ssl-images-amazon.com/images/M/MV5BNzg0OTkxMTY0Nl5BMl5BanBnXkFtZTgwNDU3MDk0MDE@._V1_SY1000_CR0,Leonard Nimoy and Robert Walker Jr. in Viaje a las estrellas (1966),1966,26,child
Robert_Walker_Jr.,nm0907480,1940,nm0907480_2.jpg,193 99 291 241,1000 1401,https://images-na.ssl-images-amazon.com/images/M/MV5BMTkxNjg1MDIzOV5BMl5BanBnXkFtZTgwOTQ5MzY1MTE@._V1_SY1000_CR0,Peter Falk  José Ferrer  and Robert Walker Jr. in Columbo: Mind Over Mayhem (1974),1974,34,child
Robert_Walker_Jr.,nm0907480,1940,nm0907480_4.jpg,911 216 972 329,1000 1333,https://images-na.ssl-images-amazon.com/images/M/MV5BMTM5MTkxNzc3MF5BMl5BanBnXkFtZTgwNTY3MDk0MDE@._V1_SY1000_CR0,DeForest Kelley  Robert Walker Jr.  and Grace Lee Whitney in Viaje a las estrellas (1966),1966,26,child
Robert_Walker_Jr.,nm0907480,1940,nm0907480_6.jpg,530 126 727 342,1000 1745,https://images-na.ssl-images-amazon.com/images/M/MV5BY2NhYzIyOTItNzZkZi00NzM0LTk4YTMtN2ZmMWViMjg1NzBhXkEyXkFqcGdeQXVyMjE5MzM3MjA@._V1_SY1000_CR0,Doria Cook-Nelson  Hope Summers  and Robert Walker Jr. in Evil Town (1977),1977,37,child
Robert_Walker_Jr.,nm0907480,1940,nm0907480_7.jpg,256 638 380 701,1000 1333,https://images-na.ssl-images-amazon.com/images/M/MV5BNDgzMDQyNTA1OF5BMl5BanBnXkFtZTgwMzY3MDk0MDE@._V1_SY1000_CR0,DeForest Kelley and Robert Walker Jr. in Viaje a las estrellas (1966),1966,26,child
