name,imdb_id,byear,image,rect,height width,url,pic_description,picyear, age, kinship
Libuse_Havelková,nm0369741,1924,nm0369741_7.jpg,369 79 585 296,544 720,https://images-na.ssl-images-amazon.com/images/M/MV5BN2QyZjAyODgtY2I2Ni00MTI2LWFmZjctY2EwMTkxMTY3YzdiXkEyXkFqcGdeQXVyMjIxMzMyMQ@@._V1_.jpg,Libuse Havelková in Osení (1961),1961,37,parent
Libuse_Havelková,nm0369741,1924,nm0369741_11.jpg,370 116 549 295,544 720,https://images-na.ssl-images-amazon.com/images/M/MV5BOTc1ZTFkMTQtNDI1Mi00ZDNkLTk2MmUtMDhlMDQ3Y2Y2N2JhXkEyXkFqcGdeQXVyMjIxMzMyMQ@@._V1_.jpg,Libuse Havelková in Osení (1961),1961,37,parent
Libuse_Havelková,nm0369741,1924,nm0369741_19.jpg,384 124 623 362,544 720,https://images-na.ssl-images-amazon.com/images/M/MV5BNDkyOTYzN2MtZGUwZC00YjlmLWE3MGQtMGVmMjgzYThhMjYwXkEyXkFqcGdeQXVyMjIxMzMyMQ@@._V1_.jpg,Libuse Havelková in Osení (1961),1961,37,parent
Libuse_Havelková,nm0369741,1924,nm0369741_23.jpg,71 244 200 373,544 720,https://images-na.ssl-images-amazon.com/images/M/MV5BZmU2Y2MyNzYtZmY1NS00NWI5LWE2ZWItZjA5M2IxZWMwOWZlXkEyXkFqcGdeQXVyMjIxMzMyMQ@@._V1_.jpg,Ladislav Bohác and Libuse Havelková in Osení (1961),1961,37,parent
Ondrej_Havelka,nm0369737,1954,nm0369737_1.jpg,256 50 311 112,800 537,https://images-na.ssl-images-amazon.com/images/M/MV5BNDdkMDg3N2QtM2QzNS00MmI4LWFlMzUtNjBkMzgwNmY5MjlmXkEyXkFqcGdeQXVyNjUxNDEwOTk@._V1_.jpg,Ondrej Havelka in Saturnin (1994),1994,40,child
Ondrej_Havelka,nm0369737,1954,nm0369737_2.jpg,279 142 344 236,576 766,https://images-na.ssl-images-amazon.com/images/M/MV5BODhlZmM1MmItOGRhNC00MjQwLTk1ZWMtMjNkOWZhOGJiMWQxXkEyXkFqcGdeQXVyMjIxMzMyMQ@@._V1_.jpg,Ondrej Havelka and Zdenek Martínek in Dobrodruzství kriminalistiky (1989),1989,35,child
Ondrej_Havelka,nm0369737,1954,nm0369737_3.jpg,505 102 560 191,570 800,https://images-na.ssl-images-amazon.com/images/M/MV5BZmY1MWU1ZDctOTBmZS00MTFhLWE0M2MtMzdjN2UzYzIwZjY5XkEyXkFqcGdeQXVyNjUxNDEwOTk@._V1_.jpg,Ondrej Havelka and Marcel Vasinka in Jak se pece stestí (1981),1981,27,child
Ondrej_Havelka,nm0369737,1954,nm0369737_4.jpg,422 218 503 338,800 641,https://images-na.ssl-images-amazon.com/images/M/MV5BYTg0MzgwZDEtOWZiYy00YzQ0LTg0MGItYWUzMzBmMDAwMzUzXkEyXkFqcGdeQXVyNjUxNDEwOTk@._V1_.jpg,Ondrej Havelka and Jan Hrusínský in O rybári a rybce (1986),1986,32,child
Ondrej_Havelka,nm0369737,1954,nm0369737_5.jpg,142 116 174 199,567 800,https://images-na.ssl-images-amazon.com/images/M/MV5BZjQ3MmMzNGUtYWVjOS00M2YzLTk5YjctMmVkMTNmYjVlZmMwXkEyXkFqcGdeQXVyNjUxNDEwOTk@._V1_.jpg,Ondrej Havelka  Lubomír Lipský  and Oldrich Vízner in Saturnin (1994),1994,40,child
Ondrej_Havelka,nm0369737,1954,nm0369737_6.jpg,287 135 423 301,576 766,https://images-na.ssl-images-amazon.com/images/M/MV5BOTVmODk0ZGMtOWJhZi00Yjk3LWE2M2MtZjNkMzdjMzNhNmU2XkEyXkFqcGdeQXVyMjIxMzMyMQ@@._V1_.jpg,Ondrej Havelka in Dobrodruzství kriminalistiky (1989),1989,35,child
Ondrej_Havelka,nm0369737,1954,nm0369737_7.jpg,359 291 404 351,576 766,https://images-na.ssl-images-amazon.com/images/M/MV5BY2Y3NzM0MDMtNTAzZC00NmEzLTllYTctZjBjNTY5Mzc4OTA4XkEyXkFqcGdeQXVyMjIxMzMyMQ@@._V1_.jpg,Ondrej Havelka in Dobrodruzství kriminalistiky (1989),1989,35,child
Ondrej_Havelka,nm0369737,1954,nm0369737_8.jpg,190 101 236 170,576 766,https://images-na.ssl-images-amazon.com/images/M/MV5BZjg4NWUxOGYtYWI2MS00YjAwLWFhYmUtNjIxOTUzYjI5MjJmXkEyXkFqcGdeQXVyMjIxMzMyMQ@@._V1_.jpg,Ondrej Havelka and Ilja Racek in Dobrodruzství kriminalistiky (1989),1989,35,child
Ondrej_Havelka,nm0369737,1954,nm0369737_9.jpg,561 168 594 209,590 800,https://images-na.ssl-images-amazon.com/images/M/MV5BYTVlNDZiZmUtYzA2Zi00MDJiLWFkNjYtOTUxNDIwMjFhOGUwXkEyXkFqcGdeQXVyNjUxNDEwOTk@._V1_.jpg,Ondrej Havelka and Oldrich Vízner in Saturnin (1994),1994,40,child
Ondrej_Havelka,nm0369737,1954,nm0369737_10.jpg,478 199 508 234,576 766,https://images-na.ssl-images-amazon.com/images/M/MV5BYjcyZjY0YWYtMjY4NC00MDliLWFiZjEtYTVjN2ExOTBlNmUxXkEyXkFqcGdeQXVyMjIxMzMyMQ@@._V1_.jpg,Ondrej Havelka in Dobrodruzství kriminalistiky (1989),1989,35,child
Ondrej_Havelka,nm0369737,1954,nm0369737_11.jpg,81 241 262 449,576 766,https://images-na.ssl-images-amazon.com/images/M/MV5BZTdmZDQ0NTktNjMxZi00YTFlLTg2YzgtNmU2OTUzMGM2ODQ1XkEyXkFqcGdeQXVyMjIxMzMyMQ@@._V1_.jpg,Ondrej Havelka in Dobrodruzství kriminalistiky (1989),1989,35,child
Ondrej_Havelka,nm0369737,1954,nm0369737_12.jpg,500 245 571 322,578 767,https://images-na.ssl-images-amazon.com/images/M/MV5BM2FlMTkyYmUtZGU0OS00NTgzLTlhZGUtYTE2OGRhYzlhZDg2XkEyXkFqcGdeQXVyMjIxMzMyMQ@@._V1_.jpg,Ondrej Havelka and Petr Nározný in Já nejsem já (1986),1986,32,child
Ondrej_Havelka,nm0369737,1954,nm0369737_13.jpg,203 81 258 137,576 766,https://images-na.ssl-images-amazon.com/images/M/MV5BMWIwNTFkNTgtMDRkMi00ZTdmLWE0NTMtZjZmMTlhZDIyNTNlXkEyXkFqcGdeQXVyMjIxMzMyMQ@@._V1_.jpg,Ondrej Havelka in Dobrodruzství kriminalistiky (1989),1989,35,child
Ondrej_Havelka,nm0369737,1954,nm0369737_14.jpg,189 106 205 142,576 766,https://images-na.ssl-images-amazon.com/images/M/MV5BMGI4YzA3ZWItNTFiZi00OTliLWJkMTAtYWQ0NjY1NDQxYmEzXkEyXkFqcGdeQXVyMjIxMzMyMQ@@._V1_.jpg,Ondrej Havelka and Petr Pelzer in Dobrodruzství kriminalistiky (1989),1989,35,child
Ondrej_Havelka,nm0369737,1954,nm0369737_15.jpg,508 99 540 183,576 766,https://images-na.ssl-images-amazon.com/images/M/MV5BMDc4ZTVjMzEtZTVkYi00NWUxLWFiMDItZjAwOGU3ZTFjZmQxXkEyXkFqcGdeQXVyMjIxMzMyMQ@@._V1_.jpg,Ondrej Havelka and Zdenek Martínek in Dobrodruzství kriminalistiky (1989),1989,35,child
Ondrej_Havelka,nm0369737,1954,nm0369737_16.jpg,249 141 354 268,576 766,https://images-na.ssl-images-amazon.com/images/M/MV5BMWRkM2VjOTEtNDUzNy00MTM0LWI3ZmYtMWZmNTJkZmMxOGFjXkEyXkFqcGdeQXVyMjIxMzMyMQ@@._V1_.jpg,Ondrej Havelka in Dobrodruzství kriminalistiky (1989),1989,35,child
Ondrej_Havelka,nm0369737,1954,nm0369737_17.jpg,272 168 502 464,576 766,https://images-na.ssl-images-amazon.com/images/M/MV5BZTA1Y2YzMjctYmM5My00NjlhLThkZTEtYTFiMWExMzIzYTVjXkEyXkFqcGdeQXVyMjIxMzMyMQ@@._V1_.jpg,Ondrej Havelka in Dobrodruzství kriminalistiky (1989),1989,35,child
Ondrej_Havelka,nm0369737,1954,nm0369737_18.jpg,281 75 333 144,583 800,https://images-na.ssl-images-amazon.com/images/M/MV5BOThmZGY3ODctOGJjZC00Y2VkLWFkM2QtOWE3ZWVlZmZlYWRjXkEyXkFqcGdeQXVyNjUxNDEwOTk@._V1_.jpg,Ondrej Havelka and Lucie Zednícková in Saturnin (1994),1994,40,child
Ondrej_Havelka,nm0369737,1954,nm0369737_19.jpg,319 149 380 224,633 900,https://images-na.ssl-images-amazon.com/images/M/MV5BY2U0YzZiYzEtODYyZS00ZTI2LWI4OGMtOTgzYTYyZDcyZmE0XkEyXkFqcGdeQXVyNjUxNDEwOTk@._V1_.jpg,Ondrej Havelka  Jirí Langmajer  and Jan Stastný in Ceská muzika (1993),1993,39,child
Ondrej_Havelka,nm0369737,1954,nm0369737_20.jpg,274 116 417 286,576 766,https://images-na.ssl-images-amazon.com/images/M/MV5BNGUwMjI2NmEtMzYzOS00NThhLWIxNDItMjhiZDIxOThjYTk1XkEyXkFqcGdeQXVyMjIxMzMyMQ@@._V1_.jpg,Ondrej Havelka in Dobrodruzství kriminalistiky (1989),1989,35,child
Ondrej_Havelka,nm0369737,1954,nm0369737_21.jpg,217 184 345 338,578 767,https://images-na.ssl-images-amazon.com/images/M/MV5BYjU1MTRhNmMtNWIxOS00YTFhLThmZmMtN2E3MDE0Yjg5MmNjXkEyXkFqcGdeQXVyMjIxMzMyMQ@@._V1_.jpg,Ondrej Havelka in Já nejsem já (1986),1986,32,child
Ondrej_Havelka,nm0369737,1954,nm0369737_22.jpg,558 227 637 346,578 767,https://images-na.ssl-images-amazon.com/images/M/MV5BZTNlMDdjNDQtNTI0ZC00YTU4LWJhNTItYmMyZjgxNzI2NzkxXkEyXkFqcGdeQXVyMjIxMzMyMQ@@._V1_.jpg,Ondrej Havelka and Petr Nározný in Já nejsem já (1986),1986,32,child
Ondrej_Havelka,nm0369737,1954,nm0369737_23.jpg,498 225 536 271,576 766,https://images-na.ssl-images-amazon.com/images/M/MV5BYzVlZGRhMWEtNGIyNS00ZmNmLTlmOGMtZTQwMzA1OGQwMDYxXkEyXkFqcGdeQXVyMjIxMzMyMQ@@._V1_.jpg,Jana Riháková and Ondrej Havelka in Dobrodruzství kriminalistiky (1989),1989,35,child
Ondrej_Havelka,nm0369737,1954,nm0369737_24.jpg,250 79 294 130,575 800,https://images-na.ssl-images-amazon.com/images/M/MV5BNzBlNThiNDktYzM1Zi00NTM4LThlOGItZjJhNjZiZTc4OTQwXkEyXkFqcGdeQXVyNjUxNDEwOTk@._V1_.jpg,Ondrej Havelka  Lubomír Lipský  and Oldrich Vízner in Saturnin (1994),1994,40,child
Ondrej_Havelka,nm0369737,1954,nm0369737_25.jpg,221 313 276 369,576 766,https://images-na.ssl-images-amazon.com/images/M/MV5BNDY2Y2RjOGEtZTI2Ni00N2ZlLTg4ZjQtN2QxYWU3YmM0NWUyXkEyXkFqcGdeQXVyMjIxMzMyMQ@@._V1_.jpg,Ondrej Havelka in Dobrodruzství kriminalistiky (1989),1989,35,child
Ondrej_Havelka,nm0369737,1954,nm0369737_26.jpg,515 87 545 119,521 700,https://images-na.ssl-images-amazon.com/images/M/MV5BMjg0MjFkNDMtMWVmNi00MTNlLTk5MzYtMjIzMWY4MjA0MWM0XkEyXkFqcGdeQXVyNjUxNDEwOTk@._V1_.jpg,Ondrej Havelka and Viktor Král in Krakonos a lyzníci (1981),1981,27,child
Ondrej_Havelka,nm0369737,1954,nm0369737_27.jpg,384 211 464 296,586 800,https://images-na.ssl-images-amazon.com/images/M/MV5BMGU1YTcwYWQtZGIyOS00MmVkLWExMzMtMDlhNmZlNGMxNWEwXkEyXkFqcGdeQXVyNjUxNDEwOTk@._V1_.jpg,Ondrej Havelka and Milan Lasica in Saturnin (1994),1994,40,child
Ondrej_Havelka,nm0369737,1954,nm0369737_28.jpg,308 260 420 365,576 766,https://images-na.ssl-images-amazon.com/images/M/MV5BNTgwZTNkOGYtYzdmNC00YjYyLTk3NGMtZGQ3YjlmOTMzMTE0XkEyXkFqcGdeQXVyMjIxMzMyMQ@@._V1_.jpg,Ondrej Havelka in Dobrodruzství kriminalistiky (1989),1989,35,child
Ondrej_Havelka,nm0369737,1954,nm0369737_29.jpg,564 155 665 267,578 767,https://images-na.ssl-images-amazon.com/images/M/MV5BZjFjMTFmYTQtMjQ4NS00NTYwLThiNmEtMWE2Zjc1MTFlYWQ4XkEyXkFqcGdeQXVyMjIxMzMyMQ@@._V1_.jpg,Ondrej Havelka and Miroslav Zounar in Já nejsem já (1986),1986,32,child
Ondrej_Havelka,nm0369737,1954,nm0369737_30.jpg,331 206 425 307,578 767,https://images-na.ssl-images-amazon.com/images/M/MV5BNzBhMjY1MWQtYzQxYy00MjQ4LThjNjktNWY3ZjJlZTQ2MmM5XkEyXkFqcGdeQXVyMjIxMzMyMQ@@._V1_.jpg,Ondrej Havelka in Já nejsem já (1986),1986,32,child
Ondrej_Havelka,nm0369737,1954,nm0369737_31.jpg,549 154 569 224,596 800,https://images-na.ssl-images-amazon.com/images/M/MV5BM2ViMTQwMjYtZjJiMS00NjcxLTlkYmEtNjI4ODFiZjQwZTA5XkEyXkFqcGdeQXVyNjUxNDEwOTk@._V1_.jpg,Ondrej Havelka and Marcel Vasinka in Jak se pece stestí (1981),1981,27,child
Ondrej_Havelka,nm0369737,1954,nm0369737_32.jpg,557 393 581 429,999 1471,https://images-na.ssl-images-amazon.com/images/M/MV5BOGZhNTc2YWUtZWYxMC00NTMyLTk3OTEtNWFkNWRlZTc0ZWNjXkEyXkFqcGdeQXVyNjUxNDEwOTk@._V1_SX1471_CR0,Ondrej Havelka  Jana Paulová  and Marcel Vasinka in Jak se pece stestí (1981),1981,27,child
Ondrej_Havelka,nm0369737,1954,nm0369737_33.jpg,470 99 593 261,576 766,https://images-na.ssl-images-amazon.com/images/M/MV5BYjIxYWU2MjUtYmM3YS00YmEwLWI4N2ItNjUxMzQ5YTJmMmZmXkEyXkFqcGdeQXVyMjIxMzMyMQ@@._V1_.jpg,Jana Riháková  Ondrej Havelka  and Jozef Husár in Dobrodruzství kriminalistiky (1989),1989,35,child
Ondrej_Havelka,nm0369737,1954,nm0369737_34.jpg,343 105 400 177,576 766,https://images-na.ssl-images-amazon.com/images/M/MV5BMDliMzhiNzctMzIxMi00MWQ2LWFjYmQtZThkYmYxOGVlNzFkXkEyXkFqcGdeQXVyMjIxMzMyMQ@@._V1_.jpg,Ondrej Havelka in Dobrodruzství kriminalistiky (1989),1989,35,child
Ondrej_Havelka,nm0369737,1954,nm0369737_35.jpg,254 80 311 154,635 900,https://images-na.ssl-images-amazon.com/images/M/MV5BYTMyOGJlMzktN2IxNS00MjYwLWI0YWEtNDYzZGMxMjQzZDdhXkEyXkFqcGdeQXVyNjUxNDEwOTk@._V1_.jpg,Ondrej Havelka  Libuse Havelková  and Lubomír Lipský in Certuv svagr (1984),1984,30,child
Ondrej_Havelka,nm0369737,1954,nm0369737_36.jpg,473 151 647 363,622 850,https://images-na.ssl-images-amazon.com/images/M/MV5BMTYwMmZlZjItOWFjYy00MDgyLWI0NmItY2FlYTY5ZjA2OTJmXkEyXkFqcGdeQXVyNjUxNDEwOTk@._V1_.jpg,Ondrej Havelka and Lucie Zednícková in Saturnin (1994),1994,40,child
Ondrej_Havelka,nm0369737,1954,nm0369737_37.jpg,257 172 299 246,576 766,https://images-na.ssl-images-amazon.com/images/M/MV5BOTY0MGQ1YWQtNWE5MC00ZjRkLWJmOTEtNGU1ZjYzOTU0ZDM0XkEyXkFqcGdeQXVyMjIxMzMyMQ@@._V1_.jpg,Ondrej Havelka and Josef Stefl in Dobrodruzství kriminalistiky (1989),1989,35,child
Ondrej_Havelka,nm0369737,1954,nm0369737_38.jpg,546 94 587 197,661 900,https://images-na.ssl-images-amazon.com/images/M/MV5BZGM4MTE2YWEtZjQ5MS00MTBjLWJhMDctZGYwN2RlNGNmNDZmXkEyXkFqcGdeQXVyNjUxNDEwOTk@._V1_.jpg,Veronika Freimanová and Ondrej Havelka in Certuv svagr (1984),1984,30,child
Ondrej_Havelka,nm0369737,1954,nm0369737_39.jpg,393 200 442 261,782 840,https://images-na.ssl-images-amazon.com/images/M/MV5BNDZkNTlhZTMtOTQ3NC00YTI3LWJiOWUtMDM3ZjAyMjA2MTVlXkEyXkFqcGdeQXVyNjUxNDEwOTk@._V1_.jpg,Ondrej Havelka  Jirí Langmajer  and Jan Stastný in Ceská muzika (1993),1993,39,child
Ondrej_Havelka,nm0369737,1954,nm0369737_40.jpg,367 91 446 191,576 766,https://images-na.ssl-images-amazon.com/images/M/MV5BODhlMTRkYjYtNGM1Ni00OTJkLTgyNGQtYTgwZTk0NWY2MWVkXkEyXkFqcGdeQXVyMjIxMzMyMQ@@._V1_.jpg,Ondrej Havelka in Dobrodruzství kriminalistiky (1989),1989,35,child
Ondrej_Havelka,nm0369737,1954,nm0369737_41.jpg,413 178 558 336,578 767,https://images-na.ssl-images-amazon.com/images/M/MV5BMjljOTU2OTAtY2E4Ni00OGQyLTgyODktYzBiYTljZGU0ZTFiXkEyXkFqcGdeQXVyMjIxMzMyMQ@@._V1_.jpg,Ondrej Havelka in Já nejsem já (1986),1986,32,child
Ondrej_Havelka,nm0369737,1954,nm0369737_42.jpg,344 139 405 201,578 767,https://images-na.ssl-images-amazon.com/images/M/MV5BZDNhYTdjZDQtOTQzYy00NDRlLTk4ZTctYmRjZTU1NjdlOGE3XkEyXkFqcGdeQXVyMjIxMzMyMQ@@._V1_.jpg,Ondrej Havelka and Miroslav Zounar in Já nejsem já (1986),1986,32,child
Ondrej_Havelka,nm0369737,1954,nm0369737_43.jpg,361 125 429 206,576 766,https://images-na.ssl-images-amazon.com/images/M/MV5BNWI1MGJkYzgtMmEzMS00YmVkLTk0ZjgtZTE5NTQ2ZTA4YmNlXkEyXkFqcGdeQXVyMjIxMzMyMQ@@._V1_.jpg,Ondrej Havelka and Zdenek Martínek in Dobrodruzství kriminalistiky (1989),1989,35,child
Ondrej_Havelka,nm0369737,1954,nm0369737_44.jpg,331 133 513 358,576 766,https://images-na.ssl-images-amazon.com/images/M/MV5BMDM3MDRlZmYtZTk5Yi00NDBjLWI0MjYtYmQ0OGRiNTU0MTJkXkEyXkFqcGdeQXVyMjIxMzMyMQ@@._V1_.jpg,Ondrej Havelka in Dobrodruzství kriminalistiky (1989),1989,35,child
Ondrej_Havelka,nm0369737,1954,nm0369737_45.jpg,541 145 594 202,576 766,https://images-na.ssl-images-amazon.com/images/M/MV5BMDM3OGY1NDUtN2JhYS00YTQ1LThlNTItYmVmZjY4M2I3Njc2XkEyXkFqcGdeQXVyMjIxMzMyMQ@@._V1_.jpg,Ondrej Havelka and Ilja Racek in Dobrodruzství kriminalistiky (1989),1989,35,child
Ondrej_Havelka,nm0369737,1954,nm0369737_46.jpg,314 128 536 466,576 766,https://images-na.ssl-images-amazon.com/images/M/MV5BZWIwMWU1NTgtNzczZi00NjdkLTkyNWMtMTlhMDgzMmUwY2M1XkEyXkFqcGdeQXVyMjIxMzMyMQ@@._V1_.jpg,Ondrej Havelka in Dobrodruzství kriminalistiky (1989),1989,35,child
Ondrej_Havelka,nm0369737,1954,nm0369737_47.jpg,518 289 562 344,988 700,https://images-na.ssl-images-amazon.com/images/M/MV5BODAyZTI3YTctYTUzMi00ZmYyLTk5NWUtNjAxMjJjNWJlMjc1XkEyXkFqcGdeQXVyNjUxNDEwOTk@._V1_.jpg,Ondrej Havelka and Oldrich Vízner in Saturnin (1994),1994,40,child
Ondrej_Havelka,nm0369737,1954,nm0369737_48.jpg,478 211 551 328,654 900,https://images-na.ssl-images-amazon.com/images/M/MV5BNGZkNjM4Y2UtMjgzNC00ZDVjLWIzOTItZTk5MTUzNTFiNzJkXkEyXkFqcGdeQXVyNjUxNDEwOTk@._V1_.jpg,Ondrej Havelka and Vladimír Ráz in Certuv svagr (1984),1984,30,child
Ondrej_Havelka,nm0369737,1954,nm0369737_49.jpg,401 211 616 504,578 800,https://images-na.ssl-images-amazon.com/images/M/MV5BYTVmODIxZGEtZDIxOC00ZWE0LWFjNDQtNjk3N2I4YWVmNjk2XkEyXkFqcGdeQXVyNjUxNDEwOTk@._V1_.jpg,Ondrej Havelka and Lucie Zednícková in Saturnin (1994),1994,40,child
Ondrej_Havelka,nm0369737,1954,nm0369737_50.jpg,360 230 472 347,582 800,https://images-na.ssl-images-amazon.com/images/M/MV5BN2NkODgxNTctMDMyMC00MDcwLWIwYzQtYjAxODIwMjhlYmFlXkEyXkFqcGdeQXVyNjUxNDEwOTk@._V1_.jpg,Ondrej Havelka in Saturnin (1994),1994,40,child
