name,imdb_id,byear,image,rect,height width,url,pic_description,picyear, age, kinship
Julien_Temple,nm0854697,1953,nm0854697_6.jpg,1103 335 1244 485,1000 1487,https://images-na.ssl-images-amazon.com/images/M/MV5BMDFjODE0ODYtMGYwMi00ZThkLWE1N2EtNmQyNDc2ZjdlMjlkXkEyXkFqcGdeQXVyMDc2NTEzMw@@._V1_SY1000_CR0,Julien Temple in Aria (1987),1987,34,parent
Juno_Temple,nm1017334,1989,nm1017334_1.jpg,381 124 453 202,1000 666,https://images-na.ssl-images-amazon.com/images/M/MV5BMjI1MTA0MDIzMl5BMl5BanBnXkFtZTgwOTAwNDg3NjE@._V1_SY1000_CR0,Juno Temple and Jack Kilmer at an event for Len and Company (2015),2015,26,child
Juno_Temple,nm1017334,1989,nm1017334_2.jpg,668 251 825 416,999 1500,https://images-na.ssl-images-amazon.com/images/M/MV5BMTQ4MjgwOTMzMl5BMl5BanBnXkFtZTcwMDI0NzUzNA@@._V1_SX1500_CR0,Juno Temple in Kaboom (2010),2010,21,child
Juno_Temple,nm1017334,1989,nm1017334_3.jpg,118 83 188 160,400 294,https://images-na.ssl-images-amazon.com/images/M/MV5BMTY4MTQyMzc4Ml5BMl5BanBnXkFtZTcwOTQ1OTQ2Mg@@._V1_.jpg,Juno Temple at an event for Año uno (2009),2009,20,child
Juno_Temple,nm1017334,1989,nm1017334_4.jpg,627 478 711 531,999 1500,https://images-na.ssl-images-amazon.com/images/M/MV5BMTUwNjUzODc0OV5BMl5BanBnXkFtZTcwMzE5MjQ3Nw@@._V1_SX1500_CR0,Kyle Gallner and Juno Temple in Little Birds (2011),2011,22,child
Juno_Temple,nm1017334,1989,nm1017334_5.jpg,654 298 772 436,1000 1396,https://images-na.ssl-images-amazon.com/images/M/MV5BMjEyMDU3NDk4OV5BMl5BanBnXkFtZTcwOTM5MDkwOQ@@._V1_SY1000_CR0,John C. Reilly  Sarah Silverman  and Juno Temple at an event for The EE British Academy Film Awards (2013),2013,24,child
Juno_Temple,nm1017334,1989,nm1017334_6.jpg,363 156 461 271,1000 708,https://images-na.ssl-images-amazon.com/images/M/MV5BMTQwMDYwNTc2NF5BMl5BanBnXkFtZTgwMjI4MDEyMDE@._V1_SY1000_CR0,Daniel Radcliffe and Juno Temple at an event for Horns (2013),2013,24,child
Juno_Temple,nm1017334,1989,nm1017334_7.jpg,375 128 490 246,1000 730,https://images-na.ssl-images-amazon.com/images/M/MV5BMjAyMDQ4MjMwMF5BMl5BanBnXkFtZTcwOTMyMTAwOQ@@._V1_SY1000_CR0,Juno Temple and Amanda Seyfried at an event for Lovelace (2013),2013,24,child
Juno_Temple,nm1017334,1989,nm1017334_8.jpg,266 170 383 334,1000 666,https://images-na.ssl-images-amazon.com/images/M/MV5BMjEwODYwOTI0MF5BMl5BanBnXkFtZTcwNzE0MTQ5Mg@@._V1_SY1000_CR0,Juno Temple and María Valverde in Cracks (2009),2009,20,child
Juno_Temple,nm1017334,1989,nm1017334_9.jpg,356 60 388 111,631 874,https://images-na.ssl-images-amazon.com/images/M/MV5BMTA3MjcwNjU2OTReQTJeQWpwZ15BbWU4MDg4MzcxNDYx._V1_.jpg,Juno Temple in Safelight (2015),2015,26,child
Juno_Temple,nm1017334,1989,nm1017334_10.jpg,201 353 455 632,1000 665,https://images-na.ssl-images-amazon.com/images/M/MV5BMTEyNTE0MzU1ODheQTJeQWpwZ15BbWU4MDk2Mjk0MTMx._V1_SY1000_CR0,Juno Temple at an event for Horns (2013),2013,24,child
Juno_Temple,nm1017334,1989,nm1017334_11.jpg,271 302 482 540,1000 664,https://images-na.ssl-images-amazon.com/images/M/MV5BMjQzOTQ0MDU3M15BMl5BanBnXkFtZTgwMjYxODYxODE@._V1_SY1000_CR0,Juno Temple at an event for 31st Film Independent Spirit Awards (2016),2016,27,child
Juno_Temple,nm1017334,1989,nm1017334_12.jpg,591 191 901 698,988 1777,https://images-na.ssl-images-amazon.com/images/M/MV5BMjExNTUwMDQwOF5BMl5BanBnXkFtZTcwMjYwNDUzOA@@._V1_SX1777_CR0,Juno Temple and Riley Keough in Jack & Diane (2012),2012,23,child
Juno_Temple,nm1017334,1989,nm1017334_13.jpg,1220 332 1319 461,1000 1500,https://images-na.ssl-images-amazon.com/images/M/MV5BMTUxMzExNDY5Nl5BMl5BanBnXkFtZTgwODAxNDE5NzE@._V1_SY1000_SX1500_AL_.jpg,Juno Temple and Susan Heyward in Vinyl (2016),2016,27,child
Juno_Temple,nm1017334,1989,nm1017334_14.jpg,681 354 827 520,1000 1505,https://images-na.ssl-images-amazon.com/images/M/MV5BMjAxNTA2MTIwN15BMl5BanBnXkFtZTcwMDk4NTg5OQ@@._V1_SY1000_CR0,Emily Browning and Juno Temple in Magic Magic (2013),2013,24,child
Juno_Temple,nm1017334,1989,nm1017334_17.jpg,515 187 604 336,750 1777,https://images-na.ssl-images-amazon.com/images/M/MV5BMGNhMjhkZTMtMDc1Mi00ZGEyLWI3YjUtNjZjOTVlMmM1MGU5XkEyXkFqcGdeQXVyNjUxMjc1OTM@._V1_SX1777_CR0,Juno Temple and Gabourey Sidibe in Drunk History (2013),2013,24,child
Juno_Temple,nm1017334,1989,nm1017334_18.jpg,646 314 686 368,999 1500,https://images-na.ssl-images-amazon.com/images/M/MV5BMjIzMDg4ODY1NV5BMl5BanBnXkFtZTcwMjUwMTcwOQ@@._V1_SX1500_CR0,Juno Temple in The Brass Teapot (2012),2012,23,child
Juno_Temple,nm1017334,1989,nm1017334_19.jpg,343 173 465 305,1000 820,https://images-na.ssl-images-amazon.com/images/M/MV5BMjMyMjA3NzU1MV5BMl5BanBnXkFtZTgwMDEwNDg3NjE@._V1_SY1000_CR0,Juno Temple at an event for Len and Company (2015),2015,26,child
Juno_Temple,nm1017334,1989,nm1017334_20.jpg,617 108 772 291,1000 1505,https://images-na.ssl-images-amazon.com/images/M/MV5BNDA4NTY0NTUyNV5BMl5BanBnXkFtZTcwNzE4Mzk0OQ@@._V1_SY1000_CR0,Juno Temple in Magic Magic (2013),2013,24,child
Juno_Temple,nm1017334,1989,nm1017334_21.jpg,325 116 365 181,534 1246,https://images-na.ssl-images-amazon.com/images/M/MV5BMTk5MjY2OTM4Ml5BMl5BanBnXkFtZTgwODkzNzE0NjE@._V1_.jpg,Juno Temple and Evan Peters in Safelight (2015),2015,26,child
Juno_Temple,nm1017334,1989,nm1017334_22.jpg,260 196 399 348,1000 666,https://images-na.ssl-images-amazon.com/images/M/MV5BNDUwNjk1MDY5OV5BMl5BanBnXkFtZTgwMzA4MDEyMDE@._V1_SY1000_CR0,Juno Temple at an event for Horns (2013),2013,24,child
Juno_Temple,nm1017334,1989,nm1017334_23.jpg,1106 339 1206 460,999 1500,https://images-na.ssl-images-amazon.com/images/M/MV5BMTgwMzU2MjEzN15BMl5BanBnXkFtZTcwMDMwMTcwOQ@@._V1_SX1500_CR0,Michael Angarano and Juno Temple in The Brass Teapot (2012),2012,23,child
Juno_Temple,nm1017334,1989,nm1017334_25.jpg,360 149 423 219,1000 673,https://images-na.ssl-images-amazon.com/images/M/MV5BMjE0NDI0NzA0MV5BMl5BanBnXkFtZTgwNzMzNjExMjI@._V1_SY1000_CR0,Juno Temple and Olivia Luccardi at an event for One Percent More Humid (2017),2017,28,child
Juno_Temple,nm1017334,1989,nm1017334_26.jpg,309 153 438 288,1000 701,https://images-na.ssl-images-amazon.com/images/M/MV5BMTk2Njc2MzY3M15BMl5BanBnXkFtZTgwMDkyMjA5MTE@._V1_SY1000_CR0,Juno Temple at an event for Maléfica (2014),2014,25,child
Juno_Temple,nm1017334,1989,nm1017334_27.jpg,459 361 565 546,1000 1193,https://images-na.ssl-images-amazon.com/images/M/MV5BMTkyNzEyMzYzNl5BMl5BanBnXkFtZTcwNjAwNzk5OA@@._V1_SY1000_CR0,Jane Lynch  Juno Temple  Kathryn Hahn  Josh Radnor  Michaela Watkins  and Annie Mumolo at an event for Afternoon Delight (2013),2013,24,child
Juno_Temple,nm1017334,1989,nm1017334_29.jpg,867 309 1033 496,1000 1502,https://images-na.ssl-images-amazon.com/images/M/MV5BMTcxMzc2OTk3MF5BMl5BanBnXkFtZTgwNTAxNDE5NzE@._V1_SY1000_CR0,Juno Temple and James Jagger in Vinyl (2016),2016,27,child
Juno_Temple,nm1017334,1989,nm1017334_31.jpg,216 248 450 487,1000 665,https://images-na.ssl-images-amazon.com/images/M/MV5BMTc4NzAxMDgzN15BMl5BanBnXkFtZTgwMTc3MTI1NTE@._V1_SY1000_CR0,Juno Temple at an event for Lejos del mundanal ruido (2015),2015,26,child
Juno_Temple,nm1017334,1989,nm1017334_33.jpg,454 175 583 355,999 1500,https://images-na.ssl-images-amazon.com/images/M/MV5BMTM2MTU0MjM0MV5BMl5BanBnXkFtZTcwODMwMTcwOQ@@._V1_SX1500_CR0,Juno Temple in The Brass Teapot (2012),2012,23,child
Juno_Temple,nm1017334,1989,nm1017334_34.jpg,611 305 845 550,1000 1524,https://images-na.ssl-images-amazon.com/images/M/MV5BNTA2MDY1NzA1Ml5BMl5BanBnXkFtZTgwMDI4NjQwMzE@._V1_SY1000_CR0,Juno Temple at an event for Horns (2013),2013,24,child
Juno_Temple,nm1017334,1989,nm1017334_35.jpg,1256 429 1317 519,999 1777,https://images-na.ssl-images-amazon.com/images/M/MV5BMTkxNzAzNTk4Ml5BMl5BanBnXkFtZTgwMTE3NTYwMjI@._V1_SX1777_CR0,Juno Temple and Julia Garner in One Percent More Humid (2017),2017,28,child
