name,imdb_id,byear,image,rect,height width,url,pic_description,picyear, age, kinship
Alan_Hale,nm0002118,1892,nm0002118_2.jpg,394 180 420 206,576 750,https://images-na.ssl-images-amazon.com/images/M/MV5BNTVlZWVhNTMtYTI4ZC00ODQ1LWIzNTUtNzcyYTRiNjJkMTU3XkEyXkFqcGdeQXVyMTcyODY2NDQ@._V1_.jpg,Alan Hale and Alla Nazimova in A Doll's House (1922),1922,30,parent
Alan_Hale,nm0002118,1892,nm0002118_3.jpg,274 62 342 134,566 700,https://images-na.ssl-images-amazon.com/images/M/MV5BMWE4YzM3NmYtMDcyYi00MTJiLTkxM2MtOWJiZjVlZDI3ZWE5XkEyXkFqcGdeQXVyMDUyOTUyNQ@@._V1_.jpg,Alan Hale and Alla Nazimova in A Doll's House (1922),1922,30,parent
Alan_Hale_Jr.,nm0354844,1921,nm0354844_1.jpg,215 150 238 172,450 345,https://images-na.ssl-images-amazon.com/images/M/MV5BMTMzODYxNzE5MF5BMl5BanBnXkFtZTYwMDI3NTQ2._V1_.jpg,The Castaways - 1965,1965,44,child
Alan_Hale_Jr.,nm0354844,1921,nm0354844_2.jpg,204 257 264 320,1000 828,https://images-na.ssl-images-amazon.com/images/M/MV5BMTU2NTI5ODE0OF5BMl5BanBnXkFtZTcwMzM5MDg5Nw@@._V1_SY1000_CR0,Jim Backus  Bob Denver  Alan Hale Jr.  Tina Louise  Russell Johnson  Natalie Schafer  and Dawn Wells in La isla de Gilligan (1964),1964,43,child
Alan_Hale_Jr.,nm0354844,1921,nm0354844_3.jpg,232 463 354 599,1000 799,https://images-na.ssl-images-amazon.com/images/M/MV5BMjA5MzgxMzQ3OF5BMl5BanBnXkFtZTgwMDYzNDI2MTE@._V1_SY1000_CR0,Kurt Russell and Alan Hale Jr. in La isla de Gilligan (1964),1964,43,child
